query,distinct_trees,distinct_operators
1a.sql,1,8
1b.sql,1,3
1c.sql,0,3
1d.sql,0,1
2a.sql,1,7
3a.sql,1,3
3b.sql,0,1
3c.sql,0,1
4a.sql,0,2
5a.sql,0,3
5b.sql,0,2
5c.sql,0,2
6a.sql,0,3
6b.sql,0,2
6c.sql,1,0
6f.sql,0,1
7a.sql,1,6
7b.sql,1,2
7c.sql,1,4
8a.sql,1,7
8b.sql,1,3
8c.sql,1,2
9a.sql,1,6
9b.sql,0,5
9c.sql,0,1
9d.sql,1,1
10a.sql,1,3
10b.sql,0,1
10c.sql,1,1
11a.sql,1,8
11b.sql,1,1
11c.sql,1,4
11d.sql,0,1
12a.sql,1,1
12b.sql,1,3
12c.sql,0,1
13a.sql,1,2
13b.sql,1,2
13c.sql,1,1
13d.sql,1,0
14a.sql,1,1
14b.sql,1,2
14c.sql,0,1
15a.sql,1,4
15b.sql,1,1
15c.sql,1,1
15d.sql,1,2
17a.sql,0,2
17b.sql,0,1
17d.sql,1,1
18a.sql,1,1
18b.sql,0,3
18c.sql,1,1
19a.sql,1,3
19b.sql,1,4
19d.sql,1,0
20a.sql,1,6
20b.sql,0,1
20c.sql,0,2
21a.sql,1,0
21b.sql,0,1
21c.sql,1,3
22a.sql,1,1
22d.sql,1,0
23a.sql,1,3
23b.sql,1,1
23c.sql,0,3
24a.sql,1,0
24b.sql,1,1
25a.sql,1,3
25b.sql,1,0
25c.sql,0,1
26a.sql,1,1
26c.sql,1,0
27a.sql,1,2
27b.sql,1,0
27c.sql,0,1
28a.sql,1,0
28b.sql,1,0
29a.sql,1,4
29b.sql,1,2
29c.sql,1,2
30a.sql,1,1
30b.sql,1,2
30c.sql,1,0
31a.sql,1,1
31b.sql,1,1
31c.sql,1,0
32a.sql,1,2
33a.sql,1,3
33b.sql,0,1
34a.sql,1,1
34d.sql,0,2
35a.sql,1,0
35b.sql,1,0
35c.sql,0,1
35d.sql,0,3
36a.sql,1,2
36b.sql,1,1
36c.sql,0,1
37a.sql,1,0
38b.sql,1,3
38c.sql,0,1
39a.sql,0,1
39b.sql,0,2
39c.sql,0,1
39d.sql,0,2
39f.sql,0,1
40a.sql,1,1
40b.sql,1,0
40c.sql,0,1
41a.sql,1,0
41b.sql,1,4
42a.sql,1,2
42b.sql,1,1
42c.sql,0,3
43a.sql,0,2
43b.sql,1,0
44a.sql,0,2
44b.sql,1,2
44c.sql,0,2
45a.sql,1,3
45b.sql,1,0
45c.sql,1,2
46a.sql,1,2
46b.sql,1,0
46c.sql,1,1
46d.sql,1,3
47a.sql,1,1
47b.sql,1,2
47c.sql,0,2
48a.sql,0,1
48b.sql,1,2
48c.sql,1,1
48d.sql,1,0
49a.sql,0,1
49b.sql,1,2
49d.sql,1,2
50a.sql,1,1
50c.sql,0,1
50d.sql,1,1
50f.sql,0,1
51a.sql,1,5
51c.sql,1,1
52a.sql,1,1
52b.sql,1,2
52c.sql,1,1
52d.sql,1,1
53a.sql,1,1
53b.sql,1,4
54b.sql,1,2
54c.sql,1,0
55a.sql,1,2
55b.sql,1,3
55c.sql,1,1
55d.sql,1,1
56a.sql,1,3
56b.sql,1,4
56c.sql,1,2
57a.sql,1,0
57b.sql,1,0
58a.sql,0,3
58b.sql,0,1
58c.sql,0,1
59a.sql,1,0
59b.sql,1,3
59c.sql,1,0
60a.sql,0,1
60b.sql,1,2
60c.sql,1,1
61a.sql,1,2
61b.sql,1,1
61c.sql,1,1
62a.sql,1,4
62b.sql,1,1
62c.sql,1,4
63a.sql,1,1
63b.sql,1,1
63c.sql,0,4
64a.sql,1,0
64b.sql,1,1
64c.sql,0,2
65a.sql,1,0
65b.sql,1,1
66a.sql,1,2
66b.sql,1,0
67b.sql,0,2
67d.sql,0,1
68a.sql,0,1
68d.sql,0,1
69a.sql,0,1
70b.sql,0,1
71b.sql,0,1
71c.sql,0,1
72c.sql,0,1
72f.sql,0,1
73a.sql,0,1
74a.sql,1,0
74b.sql,1,0
74c.sql,0,1
74d.sql,0,1
75a.sql,0,1
75b.sql,0,1
76a.sql,1,1
76c.sql,1,0
77a.sql,1,0
78a.sql,0,1
78b.sql,1,1
78c.sql,1,0
79a.sql,1,1
79b.sql,1,1
79d.sql,1,0
80c.sql,0,1
81a.sql,0,1
81b.sql,1,1
81c.sql,0,1
81d.sql,1,0
82b.sql,0,2
82c.sql,1,3
82d.sql,0,1
83a.sql,0,1
83b.sql,0,2
83c.sql,0,2
83d.sql,0,1
83e.sql,0,1
83f.sql,0,2
84b.sql,0,1
84c.sql,1,2
85a.sql,1,1
85b.sql,1,1
85c.sql,1,0
85d.sql,1,1
86a.sql,1,3
86c.sql,1,1
87c.sql,1,0
88a.sql,1,0
88b.sql,1,1
88c.sql,1,2
88d.sql,1,0
89a.sql,1,1
89b.sql,1,1
89c.sql,1,0
90b.sql,1,0
91a.sql,1,1
91c.sql,1,1
93a.sql,1,0
93b.sql,1,0
93c.sql,1,0
94a.sql,1,0
94b.sql,1,0
94c.sql,1,0
95a.sql,1,1
95b.sql,1,2
95c.sql,0,1
96a.sql,1,1
96b.sql,1,0
96c.sql,1,1
97a.sql,1,0
97b.sql,1,0
97c.sql,1,1
99c.sql,1,1
100c.sql,0,1
100d.sql,0,1
101a.sql,0,1
101b.sql,0,2
102a.sql,1,0
103a.sql,0,1
104b.sql,0,1
105b.sql,0,1
105f.sql,0,1
106a.sql,0,1
106b.sql,1,0
107a.sql,0,1
107b.sql,0,1
108a.sql,0,1
109a.sql,1,0
110a.sql,1,1
110d.sql,0,1
111a.sql,1,0
111b.sql,1,0
112b.sql,0,1
113a.sql,0,2
113c.sql,1,1
114a.sql,1,0
114b.sql,0,1
114c.sql,1,1
114d.sql,0,1
115d.sql,0,1
116b.sql,0,1
116c.sql,0,1
116d.sql,1,1
116e.sql,1,0
116f.sql,0,2
117a.sql,1,1
117b.sql,0,2
117c.sql,0,2
118a.sql,1,1
118b.sql,0,1
118d.sql,0,1
119a.sql,1,1
120b.sql,1,1
121a.sql,1,0
121b.sql,1,1
121c.sql,1,1
121d.sql,1,1
122a.sql,1,0
122b.sql,1,2
122c.sql,0,1
123a.sql,1,1
123b.sql,1,1
124a.sql,0,2
124b.sql,1,0
124c.sql,1,0
125a.sql,1,1
125c.sql,1,0
127a.sql,1,2
127b.sql,1,1
127c.sql,1,1
128a.sql,1,0
128b.sql,1,1
128c.sql,1,0
129a.sql,1,0
129b.sql,1,1
129c.sql,1,0
130a.sql,1,1
130c.sql,1,1
131a.sql,1,0
131b.sql,1,0
133b.sql,0,1
133c.sql,0,2
134a.sql,0,1
135c.sql,0,1
136b.sql,0,1
137b.sql,0,1
137c.sql,0,2
138d.sql,0,2
139a.sql,1,0
139b.sql,0,1
140a.sql,1,0
140c.sql,0,1
140d.sql,0,1
141c.sql,1,0
142a.sql,1,0
142b.sql,1,0
143b.sql,0,3
145a.sql,1,0
145d.sql,0,1
147a.sql,0,1
147c.sql,1,1
147d.sql,0,2
148a.sql,0,1
148b.sql,1,0
148c.sql,0,2
148d.sql,0,2
149a.sql,0,1
149c.sql,0,1
149d.sql,0,1
149e.sql,0,1
150a.sql,0,2
151a.sql,1,1
151b.sql,0,1
151c.sql,1,3
151d.sql,1,0
152a.sql,0,1
152b.sql,1,1
152c.sql,1,0
153b.sql,1,4
154a.sql,1,3
154b.sql,1,0
154d.sql,1,0
155b.sql,1,0
155c.sql,1,1
156b.sql,0,2
157c.sql,1,0
158c.sql,1,1
159b.sql,1,0
160a.sql,1,1
160b.sql,1,0
160c.sql,1,1
161a.sql,1,1
161b.sql,1,0
161c.sql,1,2
162a.sql,1,2
162b.sql,1,1
162c.sql,1,1
163a.sql,1,0
163b.sql,0,1
163c.sql,1,0
165a.sql,1,0
165b.sql,1,0
165c.sql,1,1
166b.sql,0,1
166c.sql,0,1
168b.sql,0,1
169a.sql,0,1
169c.sql,0,1
171c.sql,0,1
171e.sql,0,1
172a.sql,0,1
172b.sql,1,0
173c.sql,0,1
174c.sql,0,1
175b.sql,1,0
175c.sql,0,1
176a.sql,1,1
177c.sql,1,0
178b.sql,0,1
179a.sql,0,1
180b.sql,1,1
180c.sql,0,1
181b.sql,0,1
181c.sql,0,1
182a.sql,0,1
182e.sql,1,1
182f.sql,1,1
183a.sql,1,0
183b.sql,0,1
184a.sql,1,0
184b.sql,1,0
184c.sql,1,0
184d.sql,1,0
185a.sql,1,0
185b.sql,1,0
187a.sql,0,1
187b.sql,1,1
187c.sql,1,0
187d.sql,0,1
188b.sql,1,1
188c.sql,1,0
189a.sql,1,0
190b.sql,1,0
190c.sql,1,0
191a.sql,1,1
192c.sql,1,0
193a.sql,1,1
193b.sql,0,1
193c.sql,1,0
194a.sql,1,1
194b.sql,1,0
194c.sql,0,1
195a.sql,0,1
195b.sql,1,0
195c.sql,1,2
196c.sql,0,1
197a.sql,0,1
198a.sql,1,1
198c.sql,1,1
199c.sql,0,1
200a.sql,0,1
200c.sql,0,1
201a.sql,0,1
201b.sql,1,1
201c.sql,0,1
202b.sql,0,1
204e.sql,0,1
205a.sql,1,0
205b.sql,1,1
206a.sql,0,1
207a.sql,0,1
207c.sql,1,0
208c.sql,0,1
210b.sql,0,1
213a.sql,0,1
213c.sql,0,1
213d.sql,0,1
215a.sql,0,1
215b.sql,0,2
215c.sql,0,1
215e.sql,0,2
216a.sql,0,1
216c.sql,0,1
217d.sql,0,2
218c.sql,1,1
219b.sql,1,0
219c.sql,1,1
220a.sql,1,0
220b.sql,1,1
220c.sql,1,1
221b.sql,1,0
221c.sql,0,1
222a.sql,1,0
222b.sql,0,1
223c.sql,0,1
224a.sql,1,0
225a.sql,1,0
226a.sql,1,1
226b.sql,0,1
226c.sql,1,0
227a.sql,1,1
227b.sql,1,1
227c.sql,1,1
228c.sql,1,0
229c.sql,1,0
230b.sql,1,0
231b.sql,1,0
232a.sql,1,1
232c.sql,0,1
233d.sql,0,1
236b.sql,0,1
238c.sql,0,1
239a.sql,1,0
240c.sql,0,1
240d.sql,1,0
241a.sql,1,0
241b.sql,1,0
242a.sql,0,1
244b.sql,0,1
244c.sql,1,0
244d.sql,1,1
245b.sql,0,1
245c.sql,0,1
246a.sql,1,1
246d.sql,0,1
247a.sql,0,2
247c.sql,1,0
248a.sql,0,1
248f.sql,0,1
249a.sql,0,1
250a.sql,1,1
250b.sql,1,0
250c.sql,1,0
250d.sql,0,1
251a.sql,1,1
251b.sql,1,1
252b.sql,1,0
253a.sql,1,0
253c.sql,0,1
253d.sql,0,1
254a.sql,1,0
254b.sql,1,1
255a.sql,1,0
255b.sql,0,1
256b.sql,1,0
256c.sql,0,1
257a.sql,1,2
257b.sql,1,2
258a.sql,1,0
258b.sql,1,0
259a.sql,1,0
259b.sql,1,1
259c.sql,1,1
260a.sql,1,1
260b.sql,0,1
260c.sql,1,0
261a.sql,0,1
261b.sql,1,1
261c.sql,1,0
262a.sql,0,1
262b.sql,0,1
262c.sql,1,2
265a.sql,0,2
265b.sql,0,1
265c.sql,0,1
266d.sql,0,1
267b.sql,0,1
268b.sql,0,1
270b.sql,0,1
270c.sql,0,1
270e.sql,0,1
271a.sql,0,1
273b.sql,1,0
273d.sql,0,2
274b.sql,1,0
274c.sql,0,1
277b.sql,1,0
277c.sql,1,0
279a.sql,0,1
279b.sql,1,0
279c.sql,0,1
279d.sql,1,0
280b.sql,0,1
280c.sql,0,1
280d.sql,0,1
281a.sql,0,1
282b.sql,1,0
283a.sql,0,1
283b.sql,1,0
284a.sql,1,1
284b.sql,1,0
285c.sql,0,1
286a.sql,1,0
286b.sql,1,0
286c.sql,1,0
286d.sql,1,1
287a.sql,1,1
287b.sql,0,1
287c.sql,1,1
288a.sql,0,1
288b.sql,0,1
289a.sql,1,0
289b.sql,1,0
292a.sql,1,1
292b.sql,1,0
292c.sql,1,0
293a.sql,1,0
293b.sql,1,0
293c.sql,1,1
294a.sql,1,0
294b.sql,0,1
295a.sql,1,0
295b.sql,1,1
295c.sql,1,1
296a.sql,0,1
297a.sql,1,0
297b.sql,1,0
297c.sql,1,0
300a.sql,0,1
301b.sql,0,1
303c.sql,0,1
304b.sql,0,1
305d.sql,0,1
306a.sql,0,1
307c.sql,1,0
311a.sql,0,1
312a.sql,0,1
312b.sql,1,1
313a.sql,1,0
314a.sql,0,1
314b.sql,1,0
314f.sql,1,0
315a.sql,0,1
315b.sql,0,1
315c.sql,0,1
316b.sql,1,1
316c.sql,1,0
316d.sql,1,0
317a.sql,1,1
317b.sql,1,1
317c.sql,1,1
318b.sql,1,1
318c.sql,0,1
319a.sql,1,0
319b.sql,1,1
319c.sql,0,1
320b.sql,0,1
322a.sql,1,0
322b.sql,1,2
325b.sql,1,1
325c.sql,1,0
326a.sql,0,1
326c.sql,1,1
327a.sql,1,0
328b.sql,1,0
328c.sql,0,1
330a.sql,1,1
331c.sql,0,1
333a.sql,0,1
336a.sql,0,1
336d.sql,0,1
336e.sql,0,1
338a.sql,0,1
339a.sql,1,0
339b.sql,1,0
339c.sql,1,0
340c.sql,0,1
342a.sql,0,1
343a.sql,0,1
343b.sql,1,1
344a.sql,0,1
345b.sql,0,1
345d.sql,0,1
346b.sql,0,1
346c.sql,0,1
347b.sql,0,1
348a.sql,0,1
349b.sql,1,1
349c.sql,1,0
349d.sql,0,1
350a.sql,1,0
350b.sql,0,1
351b.sql,1,0
352b.sql,0,1
352d.sql,1,1
353c.sql,0,1
354a.sql,0,1
356c.sql,1,0
357a.sql,1,0
358a.sql,1,1
358b.sql,0,1
359a.sql,1,1
359c.sql,1,1
360c.sql,1,0
361b.sql,1,0
361c.sql,0,1
363b.sql,1,0
363c.sql,1,0
364a.sql,1,0
364d.sql,0,1
365c.sql,0,1
369d.sql,0,1
369e.sql,0,1
372c.sql,0,1
373b.sql,1,0
375b.sql,0,1
375c.sql,1,0
376b.sql,1,1
376d.sql,1,1
377a.sql,1,1
378b.sql,0,3
379c.sql,1,0
380a.sql,0,1
380c.sql,0,1
380d.sql,0,1
381b.sql,0,1
382a.sql,1,1
382c.sql,1,0
383a.sql,1,0
383b.sql,1,0
383c.sql,0,1
384b.sql,1,0
385a.sql,0,1
385c.sql,0,1
385d.sql,1,1
388c.sql,1,0
389b.sql,1,0
389c.sql,1,1
390c.sql,1,1
391a.sql,1,0
392a.sql,1,0
392c.sql,1,2
393a.sql,1,0
393c.sql,0,1
394a.sql,0,1
394c.sql,1,0
395b.sql,0,1
396b.sql,1,0
396c.sql,1,2
397c.sql,0,1
399b.sql,0,1
399c.sql,0,1
402c.sql,0,1
402d.sql,0,1
402e.sql,0,1
405a.sql,1,0
408b.sql,1,1
409d.sql,1,0
410a.sql,0,1
412b.sql,0,1
413f.sql,0,1
415d.sql,0,1
416c.sql,1,2
417b.sql,1,0
419a.sql,1,0
419c.sql,1,0
420a.sql,0,1
420b.sql,1,1
421a.sql,0,1
421b.sql,0,1
422a.sql,1,0
422c.sql,1,0
423a.sql,1,2
423c.sql,1,0
424a.sql,1,0
424b.sql,1,0
424c.sql,1,0
425a.sql,1,0
425b.sql,0,1
425c.sql,1,0
426a.sql,1,1
426b.sql,0,1
426c.sql,1,1
427b.sql,1,0
432c.sql,0,2
436a.sql,1,0
437b.sql,0,2
440a.sql,0,1
440b.sql,1,0
440c.sql,0,1
441c.sql,0,1
442c.sql,0,1
443a.sql,0,1
444a.sql,0,1
444b.sql,0,1
444d.sql,1,0
445a.sql,0,1
445c.sql,1,0
445d.sql,0,1
446a.sql,0,1
446b.sql,0,1
446d.sql,0,1
446e.sql,0,2
448a.sql,1,1
448b.sql,1,0
448d.sql,0,1
449a.sql,1,0
451a.sql,1,0
451b.sql,1,1
451c.sql,1,0
451d.sql,0,1
452a.sql,1,0
452b.sql,0,1
453a.sql,1,0
453b.sql,0,1
454c.sql,0,1
456c.sql,1,0
457a.sql,1,1
457c.sql,1,1
458a.sql,1,1
458b.sql,1,1
458c.sql,0,1
459a.sql,1,1
459b.sql,1,0
459c.sql,0,1
460a.sql,0,1
460b.sql,1,0
461a.sql,1,1
461b.sql,1,0
462b.sql,1,1
462c.sql,1,0
463c.sql,0,1
468a.sql,0,1
468c.sql,0,1
469a.sql,1,0
469c.sql,1,0
470b.sql,0,2
470d.sql,0,1
471a.sql,1,2
471d.sql,0,2
472c.sql,0,2
473d.sql,1,0
474a.sql,0,1
475a.sql,0,1
477a.sql,0,1
477b.sql,0,1
477c.sql,0,1
478a.sql,1,0
478c.sql,1,0
479a.sql,0,1
479b.sql,0,2
479c.sql,0,1
479f.sql,0,1
481b.sql,1,0
484b.sql,1,0
484c.sql,1,0
484d.sql,0,1
485a.sql,0,1
485c.sql,1,0
486a.sql,1,0
487a.sql,0,1
488b.sql,1,1
489c.sql,1,0
490a.sql,1,0
490b.sql,1,0
491a.sql,0,1
491b.sql,1,0
491c.sql,1,0
492a.sql,1,0
492b.sql,1,1
492c.sql,1,1
493a.sql,1,0
493c.sql,1,0
495c.sql,1,0
496c.sql,0,1
499b.sql,0,1
501f.sql,0,1
505c.sql,0,1
506a.sql,0,1
507b.sql,1,0
507c.sql,0,1
510c.sql,0,1
510d.sql,1,0
511b.sql,1,0
511c.sql,0,1
511d.sql,1,1
512a.sql,1,0
512e.sql,0,1
512f.sql,0,1
513a.sql,0,1
513b.sql,1,0
514c.sql,0,1
514d.sql,0,1
516b.sql,1,0
517c.sql,1,0
517d.sql,0,1
518b.sql,1,0
519b.sql,0,1
520a.sql,0,1
520b.sql,0,1
520c.sql,1,1
523b.sql,1,0
524a.sql,0,1
524c.sql,1,2
525a.sql,0,1
525b.sql,1,0
526a.sql,0,1
526c.sql,0,1
527a.sql,0,1
528b.sql,1,0
528c.sql,1,0
529c.sql,0,1
536a.sql,0,1
538b.sql,0,1
539d.sql,0,1
541d.sql,1,1
543a.sql,0,1
543d.sql,0,1
544a.sql,0,1
544b.sql,0,1
544c.sql,0,1
545a.sql,0,1
545c.sql,0,1
545f.sql,1,1
546b.sql,0,1
547a.sql,0,1
547b.sql,1,0
547c.sql,1,0
547d.sql,1,0
548b.sql,1,0
549a.sql,0,1
550b.sql,1,1
550d.sql,1,0
551a.sql,1,1
551b.sql,1,1
552a.sql,1,1
553a.sql,1,0
554b.sql,1,0
555c.sql,1,0
556a.sql,1,0
556b.sql,1,0
556c.sql,1,0
557a.sql,1,0
557c.sql,1,0
558a.sql,1,0
558c.sql,1,0
559a.sql,0,1
559c.sql,0,1
561a.sql,1,0
561b.sql,1,0
561c.sql,1,0
562d.sql,0,1
563a.sql,0,1
564c.sql,0,1
565b.sql,0,1
566b.sql,0,1
567e.sql,0,1
568b.sql,0,2
569a.sql,1,0
570c.sql,0,1
571a.sql,1,2
573b.sql,0,1
576a.sql,0,1
576c.sql,0,1
577d.sql,0,1
578a.sql,0,1
578c.sql,0,1
578d.sql,0,1
578e.sql,0,1
579a.sql,0,1
580b.sql,1,1
580c.sql,1,0
582b.sql,1,0
583a.sql,0,1
583b.sql,0,1
583d.sql,1,0
584a.sql,0,1
586b.sql,0,1
587a.sql,0,1
587c.sql,1,0
589b.sql,1,0
589c.sql,0,1
590a.sql,1,0
590b.sql,1,1
591b.sql,0,1
591c.sql,1,1
592a.sql,0,1
594b.sql,1,1
595d.sql,0,1
597b.sql,0,1
598a.sql,0,1
599b.sql,0,1
600c.sql,1,0
602a.sql,1,0
602c.sql,0,1
603b.sql,0,1
606a.sql,0,1
606c.sql,0,1
607c.sql,0,1
607d.sql,0,1
609b.sql,0,1
609c.sql,0,1
610b.sql,0,1
612b.sql,1,0
613c.sql,0,1
613d.sql,0,1
616b.sql,0,1
617a.sql,1,0
617b.sql,0,1
619a.sql,1,0
619c.sql,0,1
622a.sql,1,0
622b.sql,1,1
623a.sql,1,1
623b.sql,0,2
624a.sql,1,0
624b.sql,1,0
624c.sql,0,1
625a.sql,0,1
625c.sql,1,0
627a.sql,1,0
628b.sql,0,1
629c.sql,0,1
634c.sql,1,2
635a.sql,0,1
635c.sql,0,1
635d.sql,0,1
636c.sql,1,0
636d.sql,0,1
638d.sql,0,1
639b.sql,1,0
640c.sql,1,0
641c.sql,1,2
642d.sql,0,1
643a.sql,1,0
643c.sql,0,1
644f.sql,0,1
645c.sql,0,1
646b.sql,0,1
646c.sql,0,1
647b.sql,1,1
649c.sql,0,1
650a.sql,1,0
650c.sql,1,1
651a.sql,1,0
652a.sql,0,2
652c.sql,1,0
654c.sql,1,0
655a.sql,1,0
655c.sql,1,0
656a.sql,1,1
656b.sql,1,0
657a.sql,1,0
657b.sql,1,0
657c.sql,1,0
658b.sql,0,1
658c.sql,0,1
660b.sql,1,0
662b.sql,0,1
664c.sql,0,1
665c.sql,0,1
666a.sql,0,1
666d.sql,0,1
667b.sql,1,0
669c.sql,0,1
670a.sql,0,1
673b.sql,1,0
675c.sql,0,1
676b.sql,0,1
677d.sql,0,1
679b.sql,0,1
679d.sql,1,0
680b.sql,0,1
682a.sql,1,0
682d.sql,1,0
683a.sql,0,1
683b.sql,0,1
683c.sql,1,0
684a.sql,1,0
684b.sql,1,0
685b.sql,1,0
685c.sql,1,0
688b.sql,1,0
689a.sql,0,1
689b.sql,0,1
689c.sql,1,0
690b.sql,1,1
691b.sql,1,0
693c.sql,1,0
695d.sql,0,2
696a.sql,0,2
696b.sql,0,1
699c.sql,0,1
699e.sql,0,2
700c.sql,0,1
701b.sql,1,0
701d.sql,0,1
706b.sql,0,1
706c.sql,0,1
706d.sql,0,1
707c.sql,1,1
708c.sql,0,1
709b.sql,0,1
709d.sql,1,0
710b.sql,0,1
710c.sql,0,1
710d.sql,0,2
710f.sql,0,1
711a.sql,0,1
712a.sql,1,0
712b.sql,1,0
712c.sql,1,0
715b.sql,1,0
716a.sql,1,1
716b.sql,1,0
716c.sql,0,1
717b.sql,1,0
718b.sql,1,0
719a.sql,1,0
719b.sql,1,1
721b.sql,1,0
721c.sql,1,1
722a.sql,1,1
722b.sql,1,0
722c.sql,1,0
729c.sql,0,1
732b.sql,0,1
733b.sql,1,0
738c.sql,0,1
739b.sql,0,2
740a.sql,1,0
741a.sql,0,1
741b.sql,1,0
742d.sql,0,1
743f.sql,1,0
744c.sql,0,1
745a.sql,0,1
745b.sql,1,0
746c.sql,1,0
748b.sql,1,0
748c.sql,1,0
748d.sql,1,0
751c.sql,1,0
752b.sql,1,0
753a.sql,1,0
754a.sql,1,0
754b.sql,1,0
755a.sql,1,0
755b.sql,1,1
755c.sql,1,0
756a.sql,1,0
756b.sql,1,0
756c.sql,1,0
757a.sql,0,1
757c.sql,0,1
758a.sql,0,1
759a.sql,1,0
760a.sql,1,0
760b.sql,0,1
761d.sql,0,1
764a.sql,0,1
765b.sql,0,1
765d.sql,0,1
767d.sql,0,2
768b.sql,1,0
769b.sql,0,1
772b.sql,1,0
772c.sql,0,1
774b.sql,0,1
774c.sql,0,1
776a.sql,0,1
777a.sql,0,1
778c.sql,0,1
778d.sql,0,1
779c.sql,1,0
781a.sql,1,0
782b.sql,0,1
784b.sql,0,1
784c.sql,0,1
786b.sql,1,0
786c.sql,1,0
787b.sql,1,0
788a.sql,0,1
788c.sql,1,1
789a.sql,1,0
789b.sql,1,1
792a.sql,1,0
793a.sql,0,1
798b.sql,0,1
799a.sql,0,1
800b.sql,1,0
801a.sql,0,1
807a.sql,0,1
807c.sql,0,1
808c.sql,1,0
809b.sql,0,1
810a.sql,0,1
811c.sql,1,0
813a.sql,1,0
814a.sql,1,0
814c.sql,0,1
814d.sql,0,1
815a.sql,1,1
816a.sql,1,0
817c.sql,1,0
818c.sql,1,1
819a.sql,1,0
819c.sql,1,0
820a.sql,1,0
820b.sql,1,0
820c.sql,1,0
821a.sql,0,1
821b.sql,1,0
821c.sql,1,1
822a.sql,1,0
822b.sql,1,0
822c.sql,1,0
823a.sql,0,1
823b.sql,1,0
823c.sql,0,1
825b.sql,1,1
825c.sql,1,0
830a.sql,0,1
831b.sql,0,1
833a.sql,0,1
834c.sql,0,1
835a.sql,0,1
840a.sql,0,1
840b.sql,1,0
840c.sql,0,1
841a.sql,0,1
841b.sql,0,1
842a.sql,0,1
843a.sql,1,0
843c.sql,0,1
844b.sql,1,0
844d.sql,0,1
846c.sql,0,1
847a.sql,1,1
847b.sql,1,0
847d.sql,1,0
848b.sql,0,2
849a.sql,1,0
849b.sql,0,1
850a.sql,0,1
850b.sql,0,1
851a.sql,1,0
852a.sql,1,1
852b.sql,1,1
853b.sql,1,0
853c.sql,1,0
854a.sql,0,1
854b.sql,1,0
854c.sql,1,1
855a.sql,1,0
855b.sql,1,0
855c.sql,1,0
856b.sql,1,1
859b.sql,0,1
863b.sql,0,1
864f.sql,0,1
867a.sql,0,1
869b.sql,0,1
869d.sql,0,1
870a.sql,0,1
872a.sql,0,1
873d.sql,0,1
875f.sql,0,1
877b.sql,1,0
877d.sql,0,1
878a.sql,0,1
879b.sql,1,0
881b.sql,1,0
881c.sql,1,0
882a.sql,1,0
883b.sql,0,1
883c.sql,0,1
884a.sql,1,0
884c.sql,1,0
885b.sql,1,0
886a.sql,1,0
886b.sql,1,0
887a.sql,0,1
887c.sql,1,0
888a.sql,1,0
889b.sql,1,1
889c.sql,1,0
891b.sql,1,0
893b.sql,0,1
898c.sql,0,1
899c.sql,0,1
901a.sql,1,0
901c.sql,0,1
904c.sql,1,0
905a.sql,0,1
908b.sql,0,1
908e.sql,0,1
909b.sql,0,1
910b.sql,1,1
911a.sql,1,1
911b.sql,1,1
914a.sql,1,3
915b.sql,0,1
917c.sql,1,0
919b.sql,1,0
920a.sql,1,1
921a.sql,0,1
921c.sql,1,0
922b.sql,0,1
922c.sql,0,1
924b.sql,1,0
926a.sql,0,1
929a.sql,0,1
930d.sql,0,1
932c.sql,0,1
933d.sql,0,1
934a.sql,0,1
936c.sql,1,0
939c.sql,0,1
939d.sql,0,1
940d.sql,0,1
941a.sql,0,1
941d.sql,0,1
941e.sql,0,1
942b.sql,1,1
943d.sql,1,0
944a.sql,0,1
946a.sql,1,0
946c.sql,1,0
946d.sql,0,1
947a.sql,0,1
947c.sql,1,0
948a.sql,0,1
948b.sql,0,1
950a.sql,1,0
950b.sql,1,0
951a.sql,1,0
951b.sql,1,0
952a.sql,0,1
953b.sql,0,1
953c.sql,1,0
958c.sql,0,2
962a.sql,0,1
963f.sql,0,1
967c.sql,0,1
968a.sql,0,1
968c.sql,0,1
969a.sql,0,1
972b.sql,1,0
972c.sql,0,1
972d.sql,0,1
973c.sql,0,1
973d.sql,0,1
974a.sql,0,1
976d.sql,1,0
977b.sql,0,1
979b.sql,0,1
979c.sql,1,0
980a.sql,1,2
980b.sql,1,1
982b.sql,0,1
983b.sql,1,0
983c.sql,1,0
984b.sql,1,0
985c.sql,0,1
986a.sql,1,0
986b.sql,1,0
986c.sql,1,0
987c.sql,1,0
988c.sql,0,1
990a.sql,1,0
990b.sql,1,0
991a.sql,0,1
991d.sql,0,1
992d.sql,0,1
993c.sql,0,1
994a.sql,0,1
995a.sql,0,1
996a.sql,0,1
1003c.sql,0,1
1003d.sql,0,1
1004a.sql,1,0
1005a.sql,0,1
1005c.sql,0,1
1005d.sql,0,1
1007c.sql,0,1
1007d.sql,0,1
1007e.sql,1,0
1008b.sql,0,1
1009c.sql,0,1
1009d.sql,1,0
1010b.sql,1,0
1012a.sql,0,1
1012b.sql,0,1
1012c.sql,0,1
1012d.sql,1,0
1013a.sql,0,1
1013c.sql,0,1
1014b.sql,1,2
1015a.sql,0,1
1015c.sql,0,1
1016b.sql,1,0
1017a.sql,1,0
1018a.sql,1,0
1018c.sql,1,0
1019c.sql,1,0
1020b.sql,1,1
1020c.sql,1,0
1021c.sql,0,1
1023a.sql,1,0
1023b.sql,1,0
1028b.sql,0,1
1033c.sql,0,1
1036d.sql,1,0
1039a.sql,0,1
1039c.sql,0,2
1042b.sql,1,0
1045b.sql,1,0
1045d.sql,1,0
1046b.sql,0,1
1047b.sql,1,0
1048a.sql,1,0
1049a.sql,1,0
1051a.sql,1,0
1051b.sql,1,1
1052a.sql,1,0
1053a.sql,1,1
1053b.sql,1,0
1053c.sql,1,0
1054c.sql,1,1
1056c.sql,1,2
1063b.sql,0,1
1063c.sql,0,1
1064a.sql,1,0
1065d.sql,1,0
1066a.sql,0,1
1069d.sql,1,0
1070a.sql,1,0
1070b.sql,0,1
1072c.sql,0,1
1073a.sql,0,1
1073d.sql,0,1
1073f.sql,0,1
1075a.sql,0,1
1075c.sql,1,0
1076b.sql,1,0
1077b.sql,1,0
1078d.sql,1,1
1079b.sql,0,1
1080b.sql,0,1
1083c.sql,1,0
1084b.sql,1,1
1084c.sql,1,0
1085a.sql,1,0
1085b.sql,1,0
1086b.sql,1,0
1087c.sql,0,1
1090c.sql,0,1
1092a.sql,0,1
1102d.sql,0,1
1105b.sql,0,1
1105c.sql,1,0
1106c.sql,0,1
1108a.sql,0,1
1113a.sql,1,1
1113b.sql,0,1
1114b.sql,0,1
1115b.sql,1,0
1115c.sql,1,0
1116a.sql,1,0
1116b.sql,1,0
1117a.sql,1,2
1117c.sql,1,0
1118b.sql,0,2
1119c.sql,1,0
1120c.sql,0,1
1122a.sql,1,0
1122c.sql,1,0
1123c.sql,0,1
1126c.sql,0,1
1127c.sql,0,1
1128b.sql,0,1
1131c.sql,0,1
1132c.sql,0,1
1134b.sql,1,0
1135d.sql,1,1
1137b.sql,0,1
1137c.sql,0,1
1138a.sql,0,1
1138c.sql,0,1
1139d.sql,0,1
1141a.sql,1,1
1142b.sql,1,1
1145a.sql,1,0
1146a.sql,1,0
1146b.sql,1,1
1149a.sql,0,1
1150a.sql,1,0
1150b.sql,1,0
1150c.sql,1,1
1151a.sql,0,1
1151b.sql,0,1
1151c.sql,1,0
1152a.sql,1,0
1152b.sql,1,0
1152c.sql,1,0
1153a.sql,1,0
1155a.sql,1,0
1155c.sql,0,1
1156c.sql,0,1
1157d.sql,0,1
1160b.sql,0,2
1161d.sql,0,1
1162b.sql,0,1
1163b.sql,0,1
1167b.sql,1,0
1167c.sql,0,1
1168a.sql,1,0
1170d.sql,0,1
1171c.sql,0,1
1171d.sql,0,1
1172b.sql,0,1
1172c.sql,0,1
1172d.sql,0,1
1173b.sql,0,1
1174a.sql,0,1
1175a.sql,0,1
1175c.sql,1,1
1177a.sql,0,1
1177b.sql,0,1
1178b.sql,1,0
1178c.sql,0,1
1179a.sql,0,1
1182a.sql,1,0
1182b.sql,1,0
1183b.sql,1,0
1183c.sql,1,1
1184c.sql,1,1
1185a.sql,1,1
1186c.sql,1,1
1188a.sql,1,0
1193c.sql,0,1
1194d.sql,0,1
1197a.sql,0,1
1199b.sql,0,1
1200b.sql,0,1
1201a.sql,1,0
1201b.sql,0,1
1202c.sql,0,1
1203b.sql,0,1
1203d.sql,0,1
1204c.sql,0,1
1204d.sql,0,1
1205e.sql,0,1
1206a.sql,0,1
1207b.sql,1,1
1210c.sql,0,1
1213b.sql,1,0
1215b.sql,1,0
1215c.sql,1,0
1216a.sql,1,0
1216b.sql,1,0
1217a.sql,1,0
1218b.sql,1,0
1225a.sql,0,1
1227a.sql,0,1
1227f.sql,0,1
1229c.sql,0,1
1236b.sql,1,1
1237a.sql,0,1
1237b.sql,0,1
1238a.sql,0,1
1238c.sql,0,1
1238d.sql,0,1
1238f.sql,0,1
1243a.sql,0,1
1243b.sql,0,1
1243c.sql,0,1
1245a.sql,1,0
1247a.sql,1,0
1249a.sql,1,0
1249c.sql,1,0
1250a.sql,1,0
1251a.sql,1,0
1251c.sql,1,0
1254c.sql,1,0
1255d.sql,0,1
1261a.sql,0,1
1262d.sql,0,1
1263b.sql,0,1
1266a.sql,0,1
1268b.sql,1,1
1271f.sql,0,1
1272a.sql,0,1
1272c.sql,1,0
1273a.sql,0,1
1273c.sql,1,0
1277a.sql,1,0
1277b.sql,1,0
1277c.sql,1,0
1278b.sql,1,0
1279a.sql,1,0
1281a.sql,1,0
1282b.sql,1,0
1282c.sql,1,0
1283b.sql,1,1
1283c.sql,0,1
1284b.sql,1,0
1284c.sql,0,1
1285b.sql,1,2
1287a.sql,1,0
1288b.sql,0,1
1288d.sql,0,1
1291b.sql,0,1
1293b.sql,0,1
1297a.sql,0,1
1300b.sql,0,1
1301c.sql,0,1
1302b.sql,0,1
1304f.sql,0,1
1305a.sql,0,1
1306b.sql,0,1
1306d.sql,0,1
1307c.sql,1,0
1308a.sql,0,1
1308c.sql,1,0
1309c.sql,1,1
1309d.sql,0,1
1310a.sql,1,0
1311b.sql,1,0
1312b.sql,0,1
1313a.sql,1,0
1315a.sql,1,0
1316b.sql,1,0
1317a.sql,1,1
1317c.sql,1,0
1320b.sql,1,1
1323c.sql,0,1
1324b.sql,0,1
1324c.sql,0,1
1326d.sql,0,1
1326f.sql,0,1
1328a.sql,0,1
1329c.sql,0,1
1330a.sql,1,0
1330b.sql,0,1
1330c.sql,0,1
1332c.sql,1,0
1335d.sql,0,1
1336a.sql,0,1
1336c.sql,0,1
1337f.sql,0,1
1339a.sql,1,0
1339b.sql,1,0
1339d.sql,1,0
1341b.sql,1,0
1341c.sql,0,1
1342b.sql,0,1
1343b.sql,1,0
1346a.sql,1,0
1346b.sql,1,0
1347a.sql,1,0
1348c.sql,1,0
1349a.sql,1,1
1349c.sql,1,0
1350a.sql,1,0
1350b.sql,1,0
1350c.sql,1,1
1353b.sql,1,1
1353c.sql,1,1
1354d.sql,0,2
1355a.sql,0,1
1355c.sql,0,1
1355d.sql,0,1
1358c.sql,0,1
1359c.sql,0,1
1362d.sql,0,1
1363c.sql,0,1
1364a.sql,1,0
1366a.sql,0,1
1366d.sql,1,0
1368d.sql,0,1
1369b.sql,1,0
1369d.sql,0,1
1370a.sql,0,1
1370d.sql,0,1
1370f.sql,0,1
1372a.sql,1,0
1373b.sql,0,1
1373c.sql,0,1
1374c.sql,0,1
1375c.sql,1,1
1375d.sql,1,0
1376c.sql,1,0
1378c.sql,1,3
1379b.sql,1,0
1380a.sql,1,0
1380c.sql,1,0
1382a.sql,1,0
1382b.sql,1,0
1382c.sql,1,0
1383c.sql,1,0
1396a.sql,0,1
1396c.sql,0,1
1399c.sql,1,0
1400a.sql,0,1
1404c.sql,0,1
1406b.sql,1,1
1408a.sql,1,0
1408b.sql,0,1
1412a.sql,1,0
1413a.sql,1,0
1413b.sql,1,0
1414c.sql,1,0
1415a.sql,0,1
1415b.sql,1,0
1415c.sql,1,2
1416a.sql,1,0
1416b.sql,1,0
1419a.sql,1,0
1421d.sql,0,1
1427b.sql,0,1
1427c.sql,0,1
1429a.sql,0,1
1429c.sql,0,1
1430b.sql,0,1
1431a.sql,1,0
1433b.sql,0,1
1433c.sql,1,1
1435c.sql,0,1
1436c.sql,0,1
1437a.sql,0,1
1438d.sql,0,1
1439b.sql,1,0
1440b.sql,1,0
1440c.sql,1,0
1441b.sql,1,0
1442b.sql,1,1
1442c.sql,1,1
1446a.sql,1,0
1448a.sql,1,0
1448b.sql,0,1
1448c.sql,1,0
1449a.sql,1,0
1450b.sql,1,0
1451b.sql,1,0
1452b.sql,1,0
1457b.sql,0,1
1458d.sql,0,1
1461d.sql,0,1
1462a.sql,1,0
1463d.sql,1,1
1464b.sql,0,1
1466c.sql,0,2
1467d.sql,0,1
1469a.sql,0,1
1469d.sql,0,1
1469f.sql,1,0
1471b.sql,0,1
1471c.sql,0,1
1474b.sql,1,1
1474c.sql,1,0
1475a.sql,1,0
1476a.sql,0,1
1477b.sql,0,1
1478a.sql,1,1
1481a.sql,1,1
1481b.sql,1,0
1482a.sql,1,0
1482b.sql,1,0
1485a.sql,1,0
1488a.sql,0,1
1488c.sql,0,1
1489c.sql,0,1
1491f.sql,0,1
1494a.sql,1,1
1495b.sql,0,1
1498a.sql,0,1
1498d.sql,1,0
1500d.sql,0,1
1501d.sql,0,1
1503b.sql,0,1
1503c.sql,0,1
1504b.sql,1,0
1504c.sql,1,0
1506b.sql,1,0
1507c.sql,0,1
1507d.sql,1,0
1508c.sql,0,1
1511a.sql,1,0
1512a.sql,0,1
1512c.sql,1,2
1513a.sql,1,0
1513b.sql,0,1
1513c.sql,1,0
1515a.sql,1,0
1515b.sql,1,0
1518c.sql,1,0
1520b.sql,0,1
1523b.sql,0,1
1524d.sql,0,1
1527b.sql,0,1
1529d.sql,0,1
1530b.sql,0,1
1531a.sql,0,1
1532c.sql,0,1
1534a.sql,0,1
1534b.sql,0,1
1537b.sql,0,1
1541c.sql,0,1
1543a.sql,0,1
1546a.sql,1,1
1546b.sql,1,0
1547b.sql,1,0
1547c.sql,1,0
1548b.sql,1,1
1549b.sql,1,0
1551c.sql,1,0
1552a.sql,0,1
1553b.sql,0,1
1553c.sql,0,1
1554c.sql,0,1
1557e.sql,0,1
1559c.sql,0,1
1560d.sql,1,0
1562c.sql,0,1
1567d.sql,1,0
1570b.sql,1,0
1570c.sql,1,0
1572c.sql,0,1
1573b.sql,0,1
1573c.sql,1,0
1574a.sql,0,1
1575a.sql,1,1
1576b.sql,1,0
1577c.sql,1,0
1578c.sql,1,0
1579a.sql,0,1
1579c.sql,0,1
1581b.sql,1,0
1581c.sql,1,0
1582a.sql,1,0
1582b.sql,0,1
1582c.sql,1,0
1586b.sql,0,1
1590b.sql,0,1
1590c.sql,0,1
1591b.sql,0,1
1592d.sql,0,1
1596a.sql,0,1
1600a.sql,0,1
1601b.sql,0,1
1603d.sql,1,0
1604a.sql,1,1
1604c.sql,1,0
1605c.sql,1,0
1607a.sql,1,0
1608a.sql,0,1
1609c.sql,1,1
1612a.sql,1,0
1612b.sql,1,0
1612c.sql,1,1
1613c.sql,1,0
1615c.sql,0,1
1617b.sql,1,1
1617c.sql,1,0
1620c.sql,0,1
1624a.sql,0,2
1624b.sql,0,1
1625c.sql,0,1
1626d.sql,0,1
1630d.sql,0,1
1631b.sql,1,0
1633c.sql,0,1
1634b.sql,0,1
1634c.sql,0,1
1634d.sql,0,1
1635c.sql,0,1
1636a.sql,1,0
1637b.sql,1,0
1637c.sql,1,0
1638c.sql,0,1
1639a.sql,1,0
1639b.sql,0,1
1640c.sql,1,1
1641b.sql,0,1
1642b.sql,1,0
1643b.sql,1,0
1645a.sql,1,0
1645b.sql,1,0
1646b.sql,0,1
1647b.sql,1,0
1652d.sql,0,1
1653a.sql,0,1
1658b.sql,0,1
1661a.sql,1,0
1662c.sql,0,1
1665b.sql,0,1
1668a.sql,0,1
1670b.sql,1,0
1671a.sql,1,0
1672a.sql,1,0
1674b.sql,0,1
1676c.sql,1,0
1678b.sql,1,0
1678c.sql,1,0
1679b.sql,1,0
1680c.sql,1,0
1687c.sql,0,1
1688c.sql,0,1
1689c.sql,0,1
1689f.sql,0,1
1690b.sql,0,1
1690c.sql,0,1
1691a.sql,0,1
1695c.sql,0,1
1698a.sql,0,1
1701a.sql,0,1
1701b.sql,0,1
1702d.sql,0,1
1703a.sql,0,1
1705d.sql,0,1
1706a.sql,1,1
1709a.sql,1,0
1710a.sql,1,0
1711b.sql,1,0
1711c.sql,1,0
1712a.sql,0,1
1712b.sql,1,0
1712c.sql,1,2
1713c.sql,1,0
1714b.sql,0,1
1716b.sql,0,1
1723a.sql,1,0
1724c.sql,0,1
1727c.sql,0,1
1731c.sql,1,0
1732d.sql,0,1
1734b.sql,0,1
1735b.sql,0,1
1738b.sql,1,0
1740b.sql,1,0
1742c.sql,0,1
1744a.sql,1,0
1744c.sql,1,0
1745a.sql,1,0
1746c.sql,1,0
1747b.sql,0,1
1751c.sql,0,1
1756b.sql,0,1
1757a.sql,0,1
1757c.sql,1,0
1761c.sql,0,1
1764b.sql,0,1
1767c.sql,0,1
1769b.sql,1,0
1771a.sql,0,1
1771b.sql,1,0
1771c.sql,0,1
1772a.sql,1,0
1772b.sql,1,0
1772c.sql,0,1
1773a.sql,0,1
1775a.sql,1,0
1775b.sql,1,0
1777a.sql,1,0
1777c.sql,1,0
1779c.sql,0,1
1780a.sql,0,1
1781a.sql,1,0
1782b.sql,0,1
1783a.sql,0,1
1783d.sql,0,1
1788a.sql,0,1
1788c.sql,0,1
1791b.sql,0,1
1794b.sql,0,1
1796c.sql,0,1
1797b.sql,0,1
1801b.sql,0,1
1803c.sql,1,0
1804a.sql,1,0
1806a.sql,0,1
1807a.sql,1,0
1807b.sql,0,1
1808b.sql,0,1
1810b.sql,1,1
1810c.sql,1,0
1813c.sql,1,0
1816a.sql,0,1
1816d.sql,0,1
1823b.sql,0,1
1824d.sql,1,0
1825a.sql,0,1
1831b.sql,0,1
1831d.sql,0,1
1834a.sql,1,0
1838c.sql,1,0
1839a.sql,0,1
1841a.sql,1,1
1841b.sql,1,1
1843a.sql,1,0
1843b.sql,1,0
1843c.sql,1,0
1844b.sql,1,0
1844c.sql,1,0
1845b.sql,1,0
1845c.sql,1,0
1848b.sql,1,0
1851a.sql,0,1
1854b.sql,0,1
1854f.sql,0,1
1855b.sql,1,0
1856b.sql,0,1
1857b.sql,0,1
1866b.sql,1,1
1868c.sql,0,2
1871c.sql,1,0
1873a.sql,1,0
1874a.sql,1,0
1875b.sql,1,0
1876a.sql,1,0
1877a.sql,0,1
1877c.sql,1,0
1878a.sql,1,0
1879c.sql,0,1
1887b.sql,0,1
1890d.sql,1,0
1896a.sql,1,0
1896d.sql,0,1
1898c.sql,0,1
1900b.sql,1,0
1900c.sql,1,0
1901a.sql,1,0
1901c.sql,1,0
1902b.sql,1,0
1905b.sql,0,1
1906a.sql,1,0
1907c.sql,1,0
1908b.sql,1,0
1909a.sql,1,0
1909b.sql,1,0
1909c.sql,1,0
1910a.sql,1,0
1910b.sql,0,1
1910c.sql,0,1
1920d.sql,0,1
1921b.sql,0,1
1922b.sql,1,0
1922d.sql,0,1
1923a.sql,0,1
1924a.sql,0,1
1926a.sql,1,0
1928b.sql,0,1
1929a.sql,1,0
1929d.sql,0,1
1931a.sql,0,1
1931f.sql,0,1
1932a.sql,0,1
1934b.sql,1,0
1935c.sql,1,0
1936b.sql,1,0
1940a.sql,0,1
1940c.sql,1,1
1941c.sql,1,0
1942b.sql,1,0
1942c.sql,1,0
1943c.sql,1,1
1945a.sql,0,1
1945c.sql,0,1
1947a.sql,1,0
1948b.sql,0,1
1948d.sql,0,1
1953a.sql,0,1
1955b.sql,0,1
1964e.sql,0,1
1966c.sql,0,1
1971a.sql,1,1
1971b.sql,1,0
1972a.sql,1,0
1973c.sql,1,0
1975a.sql,1,0
1975b.sql,0,1
1976a.sql,1,0
1976b.sql,1,0
1976c.sql,1,0
1977b.sql,1,0
1979a.sql,0,1
1980a.sql,1,0
1980c.sql,1,1
1984b.sql,0,1
1985b.sql,0,1
1986d.sql,0,1
1989a.sql,0,1
1993a.sql,1,0
1995c.sql,1,0
1995d.sql,0,1
1996b.sql,0,1
1997a.sql,0,1
1997e.sql,0,1
1997f.sql,0,1
1999b.sql,0,1
1999c.sql,0,2
1999d.sql,0,1
2000a.sql,0,2
2003c.sql,1,0
2004a.sql,0,1
2007b.sql,1,0
2008b.sql,1,0
2009b.sql,0,1
2009c.sql,1,0
2010a.sql,1,1
2011b.sql,1,0
2011c.sql,1,0
2013a.sql,1,0
2014b.sql,0,1
2015c.sql,0,1
2016b.sql,0,1
2019e.sql,0,1
2022b.sql,1,0
2025a.sql,1,0
2028c.sql,0,1
2030d.sql,0,1
2032a.sql,0,1
2032b.sql,1,1
2032d.sql,1,0
2033a.sql,1,0
2041a.sql,1,0
2041c.sql,0,1
2042b.sql,1,0
2042c.sql,1,0
2049c.sql,0,1
2052b.sql,0,1
2057b.sql,0,1
2059b.sql,1,0
2063a.sql,0,1
2063b.sql,0,1
2063f.sql,0,1
2065c.sql,0,1
2066a.sql,0,1
2066b.sql,1,1
2069b.sql,1,1
2069c.sql,0,1
2070a.sql,1,0
2071a.sql,0,1
2073c.sql,1,0
2075a.sql,1,0
2075b.sql,1,0
2082a.sql,0,1
2085a.sql,0,1
2085d.sql,0,1
2086c.sql,0,1
2087c.sql,0,1
2094c.sql,0,1
2094d.sql,0,1
2096b.sql,0,1
2098a.sql,0,1
2102a.sql,1,0
2107a.sql,0,1
2108c.sql,1,0
2109b.sql,1,0
2109c.sql,0,1
2110b.sql,1,0
2112b.sql,0,1
2113d.sql,0,1
2115c.sql,0,1
2122a.sql,0,1
2123a.sql,0,1
2126b.sql,0,1
2127c.sql,0,1
2128c.sql,0,1
2129a.sql,0,1
2129c.sql,0,1
2130a.sql,0,1
2131a.sql,0,1
2134b.sql,1,1
2135a.sql,0,1
2135b.sql,1,0
2139b.sql,1,0
2140a.sql,0,1
2140b.sql,1,0
2141b.sql,1,1
2141c.sql,1,0
2145c.sql,1,0
2151c.sql,0,1
2152a.sql,0,2
2154a.sql,0,1
2156c.sql,0,1
2160d.sql,0,1
2162c.sql,0,1
2162d.sql,0,1
2166a.sql,1,0
2166b.sql,0,1
2167c.sql,0,1
2168b.sql,1,0
2171a.sql,1,0
2173a.sql,1,0
2173b.sql,1,0
2174b.sql,1,0
2175a.sql,1,0
2175b.sql,1,0
2175c.sql,1,0
2176a.sql,0,1
2176c.sql,1,0
2178a.sql,1,1
2179c.sql,0,1
2179d.sql,0,1
2181b.sql,0,1
2184d.sql,0,1
2184f.sql,0,1
2186a.sql,0,1
2186c.sql,0,1
2187d.sql,0,1
2190a.sql,1,0
2191a.sql,0,1
2193c.sql,0,1
2195d.sql,0,1
2197c.sql,0,1
2198a.sql,1,0
2201b.sql,0,1
2205b.sql,1,0
2207a.sql,1,0
2207b.sql,0,1
2208a.sql,1,0
2208c.sql,1,0
2209c.sql,1,1
2212a.sql,0,1
2217c.sql,0,1
2219c.sql,0,1
2224c.sql,0,1
2226b.sql,0,1
2227a.sql,0,1
2227b.sql,0,1
2229b.sql,0,1
2230c.sql,1,0
2230d.sql,0,1
2231b.sql,0,1
2231c.sql,1,0
2232c.sql,0,1
2234b.sql,1,0
2236c.sql,0,1
2238b.sql,1,1
2239a.sql,0,1
2239b.sql,1,0
2239c.sql,1,0
2240a.sql,1,0
2241b.sql,1,0
2241c.sql,0,1
2250c.sql,0,1
2252a.sql,0,1
2252d.sql,0,1
2260b.sql,1,1
2260c.sql,0,1
2261d.sql,0,1
2263a.sql,1,0
2263c.sql,0,1
2263d.sql,0,1
2266a.sql,0,1
2266c.sql,1,0
2270c.sql,1,1
2272b.sql,1,0
2272c.sql,1,0
2273a.sql,1,1
2275b.sql,1,0
2276a.sql,0,1
2276b.sql,0,1
2278d.sql,0,1
2284b.sql,0,1
2286b.sql,0,1
2288a.sql,0,1
2290a.sql,1,0
2291c.sql,1,0
2292a.sql,1,0
2292b.sql,0,1
2292c.sql,0,1
2295b.sql,0,1
2296a.sql,1,0
2296c.sql,1,1
2299b.sql,1,0
2304b.sql,1,0
2305a.sql,0,1
2305c.sql,1,0
2306a.sql,1,0
2306b.sql,0,1
2307b.sql,1,0
2307c.sql,1,0
2308a.sql,1,0
2308b.sql,1,0
2309b.sql,0,1
2318a.sql,0,1
2325a.sql,0,1
2326b.sql,0,1
2329c.sql,0,1
2332c.sql,1,1
2332d.sql,1,1
2338c.sql,1,0
2339a.sql,1,0
2339b.sql,1,0
2339c.sql,1,0
2340a.sql,1,1
2340b.sql,1,0
2340c.sql,0,1
2346b.sql,0,1
2347b.sql,0,1
2347c.sql,0,1
2351b.sql,0,1
2352d.sql,0,1
2354d.sql,0,1
2358a.sql,0,1
2359d.sql,0,1
2360f.sql,0,1
2361c.sql,0,1
2362b.sql,1,1
2362d.sql,1,0
2366a.sql,1,0
2366b.sql,0,1
2369b.sql,0,1
2369c.sql,0,1
2371a.sql,1,0
2371b.sql,1,0
2372a.sql,1,0
2372b.sql,0,1
2382f.sql,0,1
2385d.sql,1,0
2386a.sql,0,1
2393b.sql,0,1
2395a.sql,0,2
2398a.sql,0,1
2402b.sql,1,0
2404b.sql,1,0
2404c.sql,1,0
2405b.sql,1,0
2405c.sql,0,1
2406a.sql,1,0
2407a.sql,0,1
2409b.sql,1,0
2410a.sql,0,1
2411c.sql,0,1
2415d.sql,0,1
2416b.sql,0,1
2417c.sql,0,1
2417d.sql,0,1
2418a.sql,0,1
2420b.sql,0,1
2424d.sql,0,1
2425c.sql,0,1
2428c.sql,0,1
2429b.sql,1,0
2430b.sql,0,1
2431d.sql,0,1
2434a.sql,1,0
2435a.sql,1,0
2435c.sql,0,1
2436a.sql,1,0
2437a.sql,1,0
2437b.sql,1,0
2437c.sql,1,0
2442b.sql,1,0
2450a.sql,1,0
2453c.sql,0,1
2454a.sql,1,0
2455b.sql,1,0
2455d.sql,1,0
2456c.sql,0,1
2457d.sql,0,1
2458d.sql,0,2
2459a.sql,0,1
2460c.sql,0,1
2461b.sql,0,1
2464a.sql,1,0
2465b.sql,1,0
2467c.sql,0,1
2470b.sql,0,1
2470c.sql,1,0
2472a.sql,1,0
2472b.sql,0,1
2472c.sql,1,0
2475b.sql,1,0
2481d.sql,0,1
2482a.sql,1,0
2486b.sql,1,0
2486c.sql,0,1
2490c.sql,1,0
2491a.sql,0,1
2497d.sql,1,0
2498c.sql,0,1
2503b.sql,1,0
2503c.sql,1,1
2504c.sql,1,0
2506c.sql,1,0
2508a.sql,1,0
2508c.sql,1,1
2509d.sql,0,1
2514c.sql,0,1
2515c.sql,1,0
2517b.sql,1,0
2520a.sql,1,0
2520b.sql,1,0
2522b.sql,1,0
2523a.sql,0,1
2524d.sql,0,1
2526b.sql,0,1
2528b.sql,0,1
2530d.sql,1,0
2531b.sql,0,1
2534b.sql,1,0
2534c.sql,1,0
2537a.sql,1,0
2538b.sql,0,1
2538c.sql,1,0
2542c.sql,0,1
2542d.sql,0,1
2543d.sql,0,1
2551a.sql,0,1
2552a.sql,0,1
2555b.sql,0,1
2558a.sql,0,1
2560d.sql,1,1
2563c.sql,0,1
2564a.sql,1,0
2569b.sql,1,0
2569c.sql,1,1
2570a.sql,0,1
2570b.sql,0,1
2570c.sql,1,0
2571c.sql,0,1
2572b.sql,0,1
2574c.sql,1,0
2575b.sql,0,1
2580c.sql,0,1
2588c.sql,1,0
2590d.sql,0,1
2593d.sql,1,0
2596d.sql,0,1
2597c.sql,1,0
2598b.sql,1,1
2599b.sql,0,1
2600a.sql,1,0
2602a.sql,1,0
2602b.sql,1,0
2603b.sql,1,0
2603c.sql,0,1
2605a.sql,1,0
2608b.sql,0,1
2612b.sql,0,1
2615b.sql,0,2
2616d.sql,1,0
2620a.sql,1,0
2623a.sql,1,0
2624b.sql,0,1
2624c.sql,0,1
2626b.sql,0,1
2626c.sql,0,1
2628b.sql,1,0
2628c.sql,0,1
2632c.sql,0,2
2634a.sql,1,1
2637b.sql,1,0
2637c.sql,1,0
2645a.sql,0,1
2648b.sql,0,1
2651b.sql,0,1
2653b.sql,0,1
2655a.sql,0,1
2655d.sql,1,0
2656a.sql,1,0
2657c.sql,0,1
2657d.sql,0,1
2658c.sql,0,1
2659a.sql,1,0
2659b.sql,0,1
2662d.sql,1,0
2663b.sql,1,0
2664b.sql,0,1
2666a.sql,0,1
2668a.sql,1,0
2671a.sql,1,0
2674c.sql,0,1
2676a.sql,0,1
2681c.sql,0,1
2682b.sql,0,1
2686b.sql,1,0
2688d.sql,0,1
2693a.sql,0,1
2693b.sql,0,1
2694c.sql,1,0
2697a.sql,1,0
2701a.sql,1,0
2703c.sql,0,1
2706b.sql,0,1
2706c.sql,0,1
2722b.sql,0,1
2727a.sql,1,0
2727c.sql,0,1
2728c.sql,1,0
2733a.sql,1,0
2734a.sql,1,0
2734b.sql,1,1
2734c.sql,1,0
2735a.sql,1,0
2735b.sql,0,1
2735c.sql,1,0
2736b.sql,1,0
2747a.sql,1,0
2748a.sql,0,1
2752c.sql,0,1
2758a.sql,0,1
2759a.sql,1,1
2764a.sql,0,1
2764b.sql,1,0
2767a.sql,0,1
2767c.sql,1,0
2768a.sql,1,0
2769b.sql,0,1
2773c.sql,0,1
2774b.sql,0,1
2782b.sql,0,1
2787d.sql,0,1
2788c.sql,0,1
2789a.sql,0,1
2789d.sql,0,1
2789e.sql,0,1
2791a.sql,0,1
2794b.sql,1,0
2796a.sql,0,1
2797a.sql,0,1
2798b.sql,1,0
2800c.sql,1,0
2801b.sql,1,0
2801c.sql,1,0
2802c.sql,1,0
2803a.sql,1,0
2803c.sql,0,1
2805a.sql,1,0
2805b.sql,1,0
2807a.sql,0,1
2808a.sql,0,1
2810c.sql,0,1
2812c.sql,0,1
2820d.sql,0,1
2821b.sql,0,1
2828b.sql,1,0
2828c.sql,1,0
2830b.sql,0,1
2831b.sql,1,0
2833a.sql,1,0
2833b.sql,1,0
2833c.sql,1,0
2834b.sql,0,1
2844a.sql,0,1
2844e.sql,0,1
2845a.sql,1,0
2845b.sql,0,1
2846c.sql,0,1
2847b.sql,0,1
2851c.sql,0,1
2856b.sql,0,1
2856c.sql,0,1
2858b.sql,1,0
2860b.sql,1,0
2861b.sql,1,0
2864a.sql,1,0
2866a.sql,1,0
2866b.sql,1,0
2866c.sql,1,1
2867c.sql,1,0
2869b.sql,1,0
2882d.sql,1,0
2883a.sql,1,0
2888b.sql,0,1
2890a.sql,1,0
2890c.sql,0,1
2892c.sql,0,3
2893c.sql,1,1
2894a.sql,0,1
2896b.sql,1,0
2897c.sql,1,0
2898b.sql,0,1
2899a.sql,1,0
2902c.sql,1,1
2907b.sql,0,1
2914b.sql,0,1
2926b.sql,0,1
2926c.sql,1,0
2927a.sql,1,1
2928b.sql,1,0
2930a.sql,0,1
2933c.sql,1,1
2934c.sql,0,1
2935c.sql,1,0
2937c.sql,1,0
2941b.sql,0,1
2945c.sql,0,1
2952a.sql,0,1
2953b.sql,0,1
2954c.sql,0,1
2958a.sql,0,1
2958c.sql,0,1
2959b.sql,0,1
2959c.sql,0,1
2960a.sql,1,0
2960b.sql,0,1
2961a.sql,0,1
2965a.sql,1,0
2966a.sql,0,1
2967a.sql,0,1
2970a.sql,1,0
2976e.sql,0,1
2978a.sql,0,1
2978d.sql,0,1
2983d.sql,0,1
2986a.sql,0,1
2987b.sql,0,1
2988a.sql,0,1
2999b.sql,1,0
3000a.sql,1,0
3000b.sql,1,0
3000c.sql,1,0
3001c.sql,1,0
3009c.sql,0,1
3011a.sql,0,1
3015b.sql,0,1
3017b.sql,0,2
3018c.sql,0,1
3019a.sql,0,1
3020a.sql,0,2
3026b.sql,0,1
3027a.sql,0,1
3028b.sql,0,1
3029a.sql,1,0
3031a.sql,1,0
3031b.sql,1,0
3032b.sql,1,0
3033a.sql,0,1
3038c.sql,0,1
3041a.sql,0,1
3042b.sql,0,1
3043b.sql,1,0
3043c.sql,0,1
3044d.sql,0,1
3053b.sql,0,1
3056b.sql,1,0
3057c.sql,0,1
3061c.sql,1,0
3062a.sql,1,0
3065c.sql,1,1
3066c.sql,1,0
3069b.sql,1,0
3072a.sql,0,1
3076a.sql,0,1
3081b.sql,0,1
3092c.sql,0,1
3093b.sql,0,1
3094a.sql,0,1
3097b.sql,1,0
3098a.sql,1,0
3098b.sql,1,0
3100b.sql,0,1
3102c.sql,1,0
3103d.sql,0,1
3108e.sql,0,1
3110d.sql,0,1
3117b.sql,0,1
3117c.sql,0,1
3118d.sql,0,1
3119b.sql,0,1
3119d.sql,0,1
3120b.sql,0,1
3124c.sql,0,1
3125a.sql,0,1
3127c.sql,0,1
3128a.sql,1,0
3129a.sql,1,0
3130a.sql,1,0
3131b.sql,1,0
3132b.sql,1,0
3136a.sql,0,1
3137d.sql,0,1
3144a.sql,1,0
3144c.sql,1,0
3146d.sql,1,0
3150c.sql,0,1
3150d.sql,0,1
3154b.sql,1,0
3157c.sql,0,1
3157d.sql,1,0
3158a.sql,0,1
3162a.sql,1,0
3163a.sql,1,0
3163b.sql,1,0
3164b.sql,1,0
3168a.sql,1,1
3168b.sql,1,1
3175a.sql,0,1
3176d.sql,1,0
3192a.sql,0,1
3193a.sql,0,1
3195a.sql,1,0
3196a.sql,1,0
3196b.sql,1,0
3196c.sql,1,0
3199c.sql,1,1
3201b.sql,1,0
3207c.sql,0,1
3208a.sql,1,0
3214d.sql,1,0
3216d.sql,0,1
3217a.sql,0,1
3217b.sql,0,1
3218c.sql,0,1
3220b.sql,1,0
3220c.sql,0,1
3225b.sql,0,1
3226b.sql,0,1
3226c.sql,1,0
3229c.sql,1,0
3230a.sql,1,0
3231b.sql,1,1
3232a.sql,1,0
3234b.sql,1,0
3242c.sql,0,1
3245b.sql,0,1
3246a.sql,1,0
3251c.sql,0,2
3251e.sql,0,1
3253c.sql,0,1
3256b.sql,0,1
3257a.sql,1,0
3257b.sql,0,1
3258b.sql,0,2
3261b.sql,1,0
3262b.sql,1,0
3263a.sql,1,0
3263b.sql,1,0
3264b.sql,1,0
3267c.sql,1,0
3272a.sql,0,1
3273b.sql,0,1
3276a.sql,0,1
3276b.sql,0,1
3277a.sql,0,1
3281a.sql,1,0
3281b.sql,0,1
3283d.sql,0,1
3284c.sql,0,1
3286b.sql,0,1
3292c.sql,0,1
3293c.sql,1,0
3295b.sql,1,0
3296c.sql,0,1
3298c.sql,1,0
3301b.sql,0,1
3302c.sql,0,1
3306b.sql,0,1
3308b.sql,0,1
3310a.sql,0,1
3310b.sql,0,1
3312a.sql,0,1
3318c.sql,0,1
3319c.sql,0,1
3322a.sql,0,1
3322b.sql,1,0
3323a.sql,0,1
3324a.sql,0,1
3325b.sql,0,1
3327b.sql,0,1
3327c.sql,1,0
3329b.sql,0,1
3330c.sql,1,0
3333c.sql,1,0
3334a.sql,0,1
3341d.sql,0,1
3344a.sql,0,1
3346d.sql,1,0
3347b.sql,0,1
3349b.sql,0,1
3350f.sql,0,1
3351c.sql,1,0
3352a.sql,0,1
3352c.sql,1,0
3355a.sql,0,1
3355c.sql,1,0
3358b.sql,0,1
3362a.sql,1,0
3365a.sql,0,1
3375d.sql,1,0
3379b.sql,1,0
3380b.sql,0,1
3381c.sql,0,1
3383c.sql,1,0
3384b.sql,0,1
3385d.sql,1,0
3386b.sql,1,0
3388c.sql,1,0
3390a.sql,0,1
3392b.sql,1,0
3392c.sql,1,0
3395b.sql,1,0
3397a.sql,1,0
3406a.sql,0,1
3410d.sql,0,1
3411b.sql,0,1
3412a.sql,1,0
3414c.sql,0,1
3417a.sql,0,1
3422c.sql,1,0
3428b.sql,1,0
3428c.sql,1,0
3429b.sql,1,0
3429c.sql,1,0
3432a.sql,1,0
3432b.sql,0,1
3432c.sql,1,0
3438d.sql,0,1
3439b.sql,1,0
3441d.sql,0,1
3443d.sql,0,2
3445a.sql,1,0
3445d.sql,1,0
3448a.sql,0,1
3448c.sql,0,1
3449b.sql,0,1
3449c.sql,0,1
3450c.sql,0,1
3452c.sql,0,1
3460a.sql,1,1
3460b.sql,1,0
3460c.sql,1,0
3461a.sql,1,0
3462c.sql,1,1
3472c.sql,0,1
3476c.sql,0,1
3479a.sql,0,1
3482d.sql,0,1
3483b.sql,0,1
3486c.sql,0,1
3487d.sql,0,1
3491a.sql,1,0
3491b.sql,1,0
3493a.sql,1,0
3493b.sql,1,0
3494a.sql,1,0
3494c.sql,1,0
3495a.sql,1,0
3495b.sql,1,0
3495c.sql,0,1
3498b.sql,0,1
3499b.sql,0,1
3499c.sql,0,1
3514b.sql,0,1
3525c.sql,1,0
3526c.sql,1,1
3527a.sql,1,0
3527b.sql,1,0
3528a.sql,1,1
3529c.sql,0,1
3543c.sql,1,0
3546c.sql,1,0
3547b.sql,0,1
3547c.sql,0,1
3548b.sql,0,1
3551b.sql,0,1
3553c.sql,1,0
3555b.sql,0,1
3556b.sql,0,1
3557b.sql,1,0
3558a.sql,1,0
3559a.sql,1,0
3559b.sql,1,0
3559c.sql,0,1
3560b.sql,1,0
3562a.sql,1,0
3564a.sql,1,1
3564b.sql,1,0
3566c.sql,0,1
3567c.sql,0,1
3577a.sql,0,1
3580a.sql,1,0
3582a.sql,0,1
3583b.sql,0,1
3588a.sql,1,0
3589c.sql,0,1
3591b.sql,1,0
3592c.sql,1,0
3593c.sql,1,0
3594a.sql,1,0
3595a.sql,0,1
3605a.sql,0,1
3612b.sql,0,1
3613b.sql,0,1
3619c.sql,0,1
3620c.sql,0,1
3622c.sql,1,0
3624a.sql,1,0
3624b.sql,1,0
3624c.sql,0,1
3625b.sql,1,1
3625c.sql,1,0
3626c.sql,0,1
3632a.sql,0,1
3638b.sql,0,1
3640b.sql,1,0
3643d.sql,1,1
3648c.sql,0,1
3649a.sql,1,0
3653a.sql,1,0
3653c.sql,1,0
3654a.sql,1,0
3656b.sql,1,0
3657a.sql,1,0
3658a.sql,1,0
3658c.sql,1,0
3659a.sql,1,0
3659b.sql,1,0
3659c.sql,1,0
3660b.sql,0,1
3661c.sql,0,1
3680a.sql,0,1
3682d.sql,1,0
3689a.sql,0,1
3691b.sql,1,0
3692b.sql,1,0
3692c.sql,1,0
3693c.sql,1,0
3708a.sql,1,0
3709d.sql,1,0
3710c.sql,0,1
3715b.sql,0,1
3718b.sql,0,2
3719c.sql,0,1
3720a.sql,1,0
3723c.sql,1,1
3724a.sql,1,0
3724b.sql,1,1
3724c.sql,1,0
3725a.sql,1,0
3726a.sql,1,0
3726c.sql,1,0
3727c.sql,0,1
3745a.sql,0,1
3747c.sql,0,1
3749c.sql,1,0
3755c.sql,1,0
3759c.sql,1,0
3760a.sql,1,0
3760b.sql,1,0
3760c.sql,0,1
3763c.sql,0,1
3775d.sql,1,0
3776b.sql,1,0
3781d.sql,1,0
3782c.sql,1,0
3785b.sql,1,1
3788b.sql,1,0
3790c.sql,0,1
3791b.sql,1,0
3792c.sql,1,0
3810c.sql,0,1
3811a.sql,0,2
3812e.sql,0,1
3813b.sql,0,1
3817b.sql,1,0
3823a.sql,1,0
3826b.sql,0,1
3835c.sql,0,1
3844d.sql,1,0
3845a.sql,0,1
3847d.sql,0,1
3849a.sql,0,1
3851b.sql,1,0
3857b.sql,1,0
3859a.sql,0,1
3867d.sql,0,1
3868a.sql,0,1
3878c.sql,0,1
3882a.sql,1,0
3885a.sql,1,0
3885b.sql,1,0
3886a.sql,0,1
3887c.sql,1,0
3888b.sql,1,0
3889c.sql,1,0
3890a.sql,1,0
3890c.sql,1,0
3891b.sql,1,0
3891c.sql,1,0
3892b.sql,0,1
3902c.sql,0,1
3903a.sql,0,1
3903d.sql,0,1
3905a.sql,0,1
3911d.sql,0,1
3913a.sql,1,0
3913b.sql,1,0
3918a.sql,1,0
3920b.sql,1,0
3922a.sql,1,0
3922c.sql,1,0
3923a.sql,1,0
3923c.sql,1,0
3925c.sql,0,1
3927a.sql,1,0
3927c.sql,1,0
3930a.sql,0,1
3933a.sql,0,1
3934b.sql,0,1
3935b.sql,0,1
3940a.sql,0,1
3942c.sql,0,1
3943c.sql,0,1
3944a.sql,0,1
3946a.sql,1,0
3946d.sql,1,0
3947a.sql,0,1
3949a.sql,0,1
3950b.sql,0,1
3951a.sql,1,0
3952a.sql,1,0
3954b.sql,1,0
3955b.sql,1,0
3956b.sql,1,1
3957b.sql,0,1
3958a.sql,0,1
3961c.sql,0,1
3962c.sql,0,1
3965a.sql,0,1
3967a.sql,0,1
3970a.sql,0,1
3975a.sql,0,1
3977e.sql,0,1
3982b.sql,1,0
3982d.sql,1,0
3987a.sql,1,0
3989b.sql,0,1
3991c.sql,1,0
4006d.sql,0,1
4008d.sql,0,1
4009c.sql,0,1
4013a.sql,1,0
4016c.sql,1,0
4018c.sql,0,1
4019a.sql,1,0
4021c.sql,1,0
4022b.sql,1,0
4022c.sql,1,0
4029c.sql,0,1
4031c.sql,0,1
4034b.sql,0,1
4035b.sql,0,1
4036c.sql,0,1
4042b.sql,0,1
4043f.sql,0,1
4044a.sql,0,1
4044b.sql,0,1
4048b.sql,1,0
4048c.sql,1,0
4049a.sql,0,1
4053b.sql,1,0
4054a.sql,1,0
4055c.sql,1,1
4056c.sql,1,1
4057a.sql,1,0
4065c.sql,0,1
4070b.sql,1,0
4074b.sql,0,1
4080b.sql,1,0
4082a.sql,1,0
4082b.sql,0,1
4088c.sql,1,0
4089a.sql,1,0
4092b.sql,1,0
4098a.sql,0,1
4098e.sql,0,1
4098f.sql,0,1
4103d.sql,0,1
4105c.sql,1,0
4106b.sql,0,1
4106c.sql,0,1
4107a.sql,1,0
4109a.sql,0,1
4111b.sql,1,0
4111c.sql,0,1
4111d.sql,0,1
4113c.sql,1,0
4119a.sql,1,0
4119b.sql,1,0
4122b.sql,1,0
4123c.sql,1,0
4124b.sql,0,1
4125b.sql,1,0
4125c.sql,1,0
4126b.sql,0,1
4126c.sql,0,1
4127c.sql,0,1
4134c.sql,1,0
4138d.sql,0,1
4139b.sql,0,1
4140a.sql,0,1
4142e.sql,0,1
4143a.sql,0,1
4144c.sql,0,1
4146a.sql,1,0
4147c.sql,1,0
4154b.sql,1,0
4160d.sql,0,1
4175c.sql,0,1
4177a.sql,1,0
4177b.sql,1,0
4177c.sql,0,1
4183c.sql,1,0
4184a.sql,1,0
4185c.sql,1,0
4186a.sql,1,0
4186c.sql,1,0
4187a.sql,1,0
4188a.sql,1,0
4197f.sql,0,1
4207b.sql,0,1
4212c.sql,0,1
4213a.sql,1,1
4215b.sql,1,0
4218a.sql,1,0
4219b.sql,0,1
4220b.sql,1,0
4221b.sql,1,0
4222c.sql,0,1
4239a.sql,0,1
4240a.sql,0,1
4243a.sql,1,0
4243d.sql,0,1
4252a.sql,1,0
4254c.sql,1,0
4255a.sql,0,1
4263f.sql,0,1
4264c.sql,0,1
4268b.sql,0,1
4273c.sql,0,1
4277b.sql,1,0
4280c.sql,0,1
4281a.sql,1,0
4285c.sql,1,0
4287a.sql,1,0
4287b.sql,1,0
4288c.sql,0,1
4297b.sql,0,1
4305a.sql,0,1
4305b.sql,0,1
4307a.sql,0,1
4307e.sql,0,1
4309b.sql,0,1
4309c.sql,0,1
4315b.sql,1,0
4316c.sql,1,0
4318a.sql,1,0
4318c.sql,0,1
4319b.sql,1,0
4320a.sql,1,0
4321a.sql,1,0
4328c.sql,0,1
4329a.sql,0,1
4332a.sql,1,0
4336c.sql,1,0
4339b.sql,0,1
4340c.sql,0,1
4342a.sql,0,1
4350a.sql,1,0
4351a.sql,1,0
4351b.sql,1,0
4352b.sql,0,1
4356a.sql,1,0
4356c.sql,1,0
4362c.sql,0,1
4364b.sql,1,0
4364c.sql,0,1
4366b.sql,0,1
4370c.sql,0,1
4371a.sql,1,0
4372a.sql,0,1
4373b.sql,0,1
4373e.sql,0,1
4376b.sql,0,1
4376c.sql,0,1
4379b.sql,1,0
4383b.sql,0,1
4384b.sql,1,0
4385b.sql,1,0
4387b.sql,1,0
4387c.sql,1,0
4389b.sql,1,0
4392a.sql,0,2
4393a.sql,0,1
4399a.sql,0,1
4405a.sql,0,1
4406b.sql,0,1
4411d.sql,1,0
4419b.sql,1,0
4422b.sql,1,0
4428a.sql,0,1
4444b.sql,1,0
4446a.sql,1,0
4446b.sql,0,1
4448b.sql,1,0
4449c.sql,1,2
4450b.sql,1,0
4453a.sql,1,0
4454a.sql,0,1
4456d.sql,0,1
4457d.sql,0,1
4462a.sql,0,1
4463b.sql,0,1
4469b.sql,0,1
4472d.sql,0,1
4474d.sql,1,0
4475a.sql,0,1
4478b.sql,0,1
4479a.sql,0,1
4480c.sql,0,1
4481a.sql,1,0
4481b.sql,1,0
4483a.sql,1,1
4484a.sql,0,1
4485c.sql,1,0
4486b.sql,0,1
4489b.sql,0,1
4497b.sql,0,1
4499d.sql,0,1
4500a.sql,1,0
4503d.sql,0,1
4505c.sql,0,1
4505e.sql,0,1
4505f.sql,0,1
4510a.sql,1,0
4511a.sql,0,1
4518a.sql,0,1
4518c.sql,1,0
4519b.sql,1,0
4521c.sql,1,0
4527a.sql,0,1
4530a.sql,1,1
4530d.sql,0,1
4533b.sql,1,0
4534c.sql,0,1
4537d.sql,0,1
4540c.sql,0,1
4540d.sql,0,1
4541b.sql,0,1
4543c.sql,0,1
4544a.sql,0,1
4544b.sql,1,0
4545b.sql,0,1
4546b.sql,1,0
4547c.sql,0,1
4550b.sql,0,1
4555b.sql,0,1
4559c.sql,0,1
4560d.sql,0,1
4560e.sql,0,1
4568a.sql,0,1
4569b.sql,1,0
4569d.sql,0,1
4571d.sql,0,1
4571f.sql,0,1
4575b.sql,1,0
4577c.sql,1,0
4580b.sql,1,0
4581c.sql,1,1
4582a.sql,1,0
4582b.sql,1,0
4584a.sql,1,1
4584c.sql,1,0
4587b.sql,1,0
4588c.sql,0,1
4589d.sql,0,1
4591c.sql,0,1
4599c.sql,1,0
4601a.sql,1,0
4603b.sql,0,1
4604f.sql,0,1
4614c.sql,1,0
4616a.sql,0,1
4616b.sql,0,1
4617a.sql,1,0
4617c.sql,1,0
4620a.sql,0,1
4621c.sql,0,1
4635a.sql,0,1
4636d.sql,0,1
4640c.sql,0,1
4643a.sql,1,0
4646c.sql,1,0
4647b.sql,1,0
4648a.sql,1,0
4649a.sql,1,1
4650b.sql,0,1
4651b.sql,1,1
4654d.sql,0,1
4658a.sql,0,1
4659e.sql,0,1
4661c.sql,0,1
4662c.sql,0,1
4664a.sql,0,1
4666c.sql,1,0
4666d.sql,1,0
4667b.sql,0,1
4670a.sql,0,1
4671c.sql,0,1
4672b.sql,0,1
4673a.sql,0,1
4675b.sql,1,0
4675c.sql,0,1
4677a.sql,0,1
4678b.sql,1,0
4680b.sql,1,0
4681a.sql,1,0
4688a.sql,0,1
4693a.sql,0,1
4694b.sql,0,1
4701d.sql,0,1
4703d.sql,0,1
4703f.sql,0,1
4713a.sql,1,1
4713b.sql,1,0
4714a.sql,1,1
4714b.sql,1,0
4715a.sql,1,0
4715b.sql,1,0
4717b.sql,0,1
4719b.sql,1,0
4722b.sql,0,1
4732c.sql,1,0
4736b.sql,0,1
4738a.sql,1,0
4741b.sql,1,0
4743a.sql,1,0
4744b.sql,0,1
4745c.sql,1,0
4747a.sql,1,0
4747b.sql,1,0
4747c.sql,1,0
4748a.sql,1,0
4748b.sql,1,0
4748c.sql,1,0
4749b.sql,1,0
4758e.sql,0,1
4759b.sql,0,1
4767c.sql,0,2
4768d.sql,0,1
4769a.sql,0,1
4770c.sql,0,1
4772b.sql,0,1
4774a.sql,1,0
4775b.sql,0,1
4777c.sql,0,1
4779a.sql,0,1
4780c.sql,1,1
4782c.sql,0,1
4783c.sql,1,0
4785a.sql,1,0
4786a.sql,0,1
4786d.sql,0,1
4794c.sql,1,0
4801c.sql,0,1
4803c.sql,0,1
4805a.sql,1,0
4806c.sql,0,1
4809b.sql,1,0
4813a.sql,1,0
4813b.sql,1,0
4813c.sql,1,0
4814b.sql,1,0
4814c.sql,1,0
4815a.sql,1,0
4818c.sql,1,0
4820d.sql,0,1
4823c.sql,0,1
4824e.sql,0,1
4827a.sql,0,1
4834d.sql,1,0
4836a.sql,0,1
4837d.sql,0,1
4847b.sql,1,0
4847c.sql,0,1
4848b.sql,1,1
4849a.sql,0,1
4851b.sql,1,0
4868a.sql,0,1
4871b.sql,1,0
4874a.sql,1,0
4879a.sql,1,0
4882c.sql,1,0
4888a.sql,0,1
4890f.sql,0,2
4903c.sql,1,1
4912b.sql,1,0
4913a.sql,0,1
4913b.sql,1,0
4914b.sql,1,0
4917b.sql,1,0
4922a.sql,0,1
4930d.sql,0,1
4932b.sql,0,1
4932d.sql,0,1
4934f.sql,0,1
4936a.sql,0,1
4940b.sql,1,0
4942a.sql,1,0
4944b.sql,1,0
4945c.sql,1,0
4946a.sql,1,0
4946c.sql,1,0
4947b.sql,1,0
4948b.sql,0,1
4958a.sql,0,2
4973a.sql,0,1
4973b.sql,0,1
4977c.sql,1,1
4978b.sql,0,1
4979a.sql,1,1
4981b.sql,1,0
4981c.sql,1,0
4988c.sql,0,1
4991d.sql,0,1
5002b.sql,0,1
5007a.sql,1,0
5011a.sql,1,0
5012a.sql,1,0
5014b.sql,1,0
5019b.sql,0,1
5040a.sql,0,1
5042c.sql,1,0
5044a.sql,1,0
5046a.sql,1,0
5050c.sql,0,1
5054a.sql,0,1
5058b.sql,0,1
5068a.sql,1,1
5072a.sql,0,1
5073b.sql,1,0
5077b.sql,1,0
5078b.sql,1,0
5078c.sql,1,0
5079b.sql,1,0
5080b.sql,1,1
5083b.sql,0,1
5084a.sql,0,1
5097b.sql,0,1
5098b.sql,0,1
5100a.sql,0,1
5101c.sql,0,1
5101d.sql,1,0
5104c.sql,1,1
5104d.sql,0,1
5105a.sql,1,0
5106a.sql,0,1
5109a.sql,1,0
5110b.sql,1,0
5111a.sql,1,0
5113b.sql,1,0
5118b.sql,0,1
5127a.sql,0,1
5131d.sql,0,1
5132d.sql,0,1
5132f.sql,0,1
5133b.sql,0,1
5136c.sql,1,0
5137b.sql,0,1
5137d.sql,1,1
5138c.sql,1,1
5139b.sql,1,0
5140b.sql,1,0
5141c.sql,0,1
5143a.sql,0,1
5144a.sql,1,0
5144b.sql,1,0
5146a.sql,0,1
5147a.sql,0,1
5148a.sql,1,0
5153b.sql,0,1
5158a.sql,1,0
5161a.sql,0,1
5166a.sql,0,1
5166c.sql,0,1
5170d.sql,0,1
5171a.sql,0,1
5174b.sql,1,0
5175a.sql,1,0
5176b.sql,1,0
5177a.sql,1,0
5177b.sql,1,1
5178a.sql,1,0
5180a.sql,0,1
5191b.sql,0,2
5199a.sql,0,1
5205a.sql,1,0
5207b.sql,1,0
5209c.sql,1,1
5210a.sql,0,1
5210c.sql,0,1
5218a.sql,0,1
5220a.sql,0,1
5231a.sql,0,1
5237b.sql,0,1
5238a.sql,0,1
5239a.sql,1,0
5240b.sql,0,1
5240c.sql,1,0
5241a.sql,1,0
5242c.sql,1,0
5243a.sql,1,0
5243b.sql,1,1
5244c.sql,0,1
5245c.sql,1,0
5256d.sql,0,1
5263b.sql,1,0
5266c.sql,0,1
5268c.sql,1,0
5269d.sql,1,0
5270a.sql,0,1
5275a.sql,1,0
5276b.sql,1,1
5280a.sql,1,0
5280c.sql,1,0
5295c.sql,1,0
5308b.sql,1,0
5313c.sql,0,1
5314a.sql,0,1
5321b.sql,0,1
5329a.sql,0,1
5333b.sql,0,1
5335a.sql,1,0
5335c.sql,0,1
5336b.sql,0,1
5338b.sql,1,0
5341a.sql,1,1
5342c.sql,1,0
5343b.sql,1,0
5348c.sql,0,1
5352c.sql,0,1
5352d.sql,0,1
5352e.sql,0,1
5353a.sql,0,1
5359a.sql,1,0
5361a.sql,0,1
5366a.sql,0,1
5367c.sql,0,1
5369a.sql,1,0
5373c.sql,1,0
5374a.sql,1,1
5374b.sql,1,0
5377a.sql,1,0
5377c.sql,0,1
5379c.sql,0,1
5380d.sql,0,1
5386a.sql,0,1
5387a.sql,0,1
5387c.sql,0,1
5394a.sql,0,1
5398a.sql,1,0
5398d.sql,1,0
5399b.sql,0,1
5399c.sql,1,0
5402a.sql,1,1
5404b.sql,0,1
5407a.sql,1,0
5407c.sql,1,0
5408a.sql,1,1
5409c.sql,1,0
5414d.sql,0,1
5429b.sql,0,1
5430b.sql,0,1
5431a.sql,0,1
5431b.sql,0,1
5431d.sql,0,1
5435b.sql,1,0
5437c.sql,0,1
5438c.sql,1,1
5439b.sql,1,0
5440c.sql,1,0
5443c.sql,1,0
5445c.sql,1,0
5446b.sql,0,1
5451a.sql,0,1
5454d.sql,0,1
5461d.sql,0,1
5464b.sql,1,0
5468b.sql,1,0
5469b.sql,0,1
5471b.sql,1,0
5474a.sql,1,0
5474b.sql,1,0
5475a.sql,1,0
5476b.sql,1,0
5478b.sql,1,0
5479c.sql,0,1
5480b.sql,0,1
5485b.sql,0,1
5486d.sql,0,1
5497c.sql,1,0
5499c.sql,0,2
5501a.sql,0,1
5506a.sql,0,1
5506b.sql,1,0
5506c.sql,1,0
5507a.sql,1,0
5507c.sql,1,0
5508a.sql,1,0
5509a.sql,0,1
5509c.sql,1,0
5511a.sql,1,0
5526c.sql,0,1
5534a.sql,1,0
5535a.sql,1,0
5537c.sql,1,0
5538b.sql,0,1
5538c.sql,0,1
5544c.sql,1,0
5545b.sql,0,1
5551c.sql,1,0
5559b.sql,0,1
5560c.sql,0,1
5561a.sql,0,1
5562a.sql,0,1
5563d.sql,0,1
5567c.sql,1,0
5569a.sql,1,0
5570b.sql,1,0
5572a.sql,1,0
5573a.sql,1,0
5573b.sql,1,0
5574c.sql,1,0
5575a.sql,1,0
5579c.sql,0,1
5595a.sql,0,1
5595c.sql,0,1
5599b.sql,1,0
5602b.sql,0,1
5603c.sql,1,0
5607c.sql,1,0
5615b.sql,0,1
5616f.sql,0,1
5622b.sql,1,0
5624a.sql,0,1
5630b.sql,1,1
5631a.sql,0,1
5636c.sql,1,0
5637a.sql,1,0
5641a.sql,1,0
5645a.sql,0,1
5650a.sql,0,1
5659c.sql,0,1
5664b.sql,0,1
5667a.sql,0,1
5669c.sql,1,0
5671b.sql,1,0
5676b.sql,1,0
5676c.sql,1,0
5691a.sql,1,0
5693a.sql,0,1
5694c.sql,0,1
5698c.sql,1,0
5705a.sql,1,0
5705c.sql,1,1
5706c.sql,1,0
5707a.sql,1,0
5724c.sql,0,1
5724d.sql,0,1
5725c.sql,0,1
5728d.sql,0,1
5740a.sql,1,0
5748c.sql,0,1
5751b.sql,0,1
5758d.sql,0,1
5764b.sql,0,1
5765c.sql,0,1
5770c.sql,1,0
5771a.sql,1,0
5772a.sql,1,0
5772b.sql,0,1
5773c.sql,0,1
5774b.sql,0,1
5791b.sql,0,1
5791d.sql,1,0
5793b.sql,0,1
5795a.sql,0,1
5802b.sql,1,0
5803a.sql,1,0
5803b.sql,1,0
5804a.sql,1,0
5804b.sql,1,0
5804c.sql,1,0
5805a.sql,1,0
5809a.sql,0,1
5809d.sql,0,1
5817b.sql,1,0
5821d.sql,1,0
5823a.sql,0,1
5823c.sql,0,1
5825a.sql,0,1
5825e.sql,0,1
5830a.sql,1,0
5834c.sql,1,1
5838c.sql,0,1
5839a.sql,1,0
5839b.sql,0,1
5839c.sql,1,0
5847e.sql,0,1
5850b.sql,1,0
5855b.sql,0,1
5860b.sql,0,1
5863a.sql,1,0
5863c.sql,0,1
5866b.sql,0,1
5867a.sql,1,0
5869b.sql,1,0
5871b.sql,0,1
5874c.sql,1,0
5880b.sql,0,1
5889c.sql,1,0
5891b.sql,0,1
5894a.sql,1,0
5897a.sql,1,0
5902b.sql,1,0
5903c.sql,1,0
5905c.sql,0,1
5907c.sql,1,0
5911c.sql,0,1
5912a.sql,0,1
5923a.sql,0,1
5926b.sql,0,1
5929c.sql,1,0
5935a.sql,1,0
5937b.sql,1,0
5942a.sql,0,1
5944c.sql,0,1
5947a.sql,1,0
5949c.sql,0,1
5954b.sql,0,1
5960b.sql,0,1
5962c.sql,1,0
5964b.sql,1,0
5966a.sql,1,1
5966b.sql,1,0
5967b.sql,1,0
5969a.sql,1,0
5970c.sql,1,0
5972a.sql,0,1
5974b.sql,0,1
5980b.sql,0,1
5984d.sql,0,1
5986d.sql,0,1
5990a.sql,0,1
5990c.sql,0,1
5992a.sql,0,1
5992c.sql,1,0
5993a.sql,1,1
5995d.sql,1,0
5997a.sql,0,1
6001a.sql,1,0
6001b.sql,1,0
6002b.sql,1,1
6003c.sql,1,0
6006a.sql,0,1
6016b.sql,0,1
6017c.sql,0,1
6019a.sql,1,0
6023e.sql,0,1
6025a.sql,1,0
6025c.sql,0,1
6028b.sql,1,0
6034c.sql,1,0
6035b.sql,1,1
6036b.sql,1,0
6045f.sql,0,1
6054c.sql,0,1
6055a.sql,0,1
6067a.sql,1,0
6068b.sql,1,0
6068c.sql,0,1
6069c.sql,1,0
6070a.sql,0,1
6070c.sql,1,0
6071b.sql,0,1
6072c.sql,1,0
6073c.sql,0,1
6073d.sql,0,1
6075b.sql,0,1
6078c.sql,0,1
6089a.sql,0,1
6089c.sql,0,1
6089f.sql,0,1
6092b.sql,1,1
6094c.sql,1,0
6094d.sql,1,0
6098c.sql,1,0
6100a.sql,1,0
6103b.sql,0,1
6108a.sql,0,1
6108c.sql,0,1
6113d.sql,0,1
6120c.sql,0,1
6123c.sql,0,1
6127b.sql,0,1
6128b.sql,1,0
6133a.sql,1,1
6133c.sql,1,0
6138c.sql,1,0
6143b.sql,0,1
6147c.sql,1,0
6153a.sql,0,1
6156a.sql,1,0
6157a.sql,1,0
6157d.sql,1,0
6160a.sql,1,0
6162b.sql,0,1
6167b.sql,1,0
6168a.sql,1,0
6168b.sql,0,1
6179c.sql,0,1
6179d.sql,0,1
6180d.sql,1,0
6190c.sql,0,1
6195a.sql,0,1
6199b.sql,1,0
6199c.sql,1,0
6201c.sql,1,0
6202c.sql,1,0
6204a.sql,1,0
6212c.sql,0,1
6221f.sql,0,1
6232a.sql,1,0
6232b.sql,1,0
6232c.sql,1,0
6233a.sql,1,0
6234c.sql,1,0
6235a.sql,1,0
6242b.sql,0,1
6244b.sql,1,0
6247a.sql,0,1
6248c.sql,0,1
6250a.sql,1,0
6251c.sql,0,1
6253c.sql,0,1
6254a.sql,0,1
6254e.sql,0,1
6256b.sql,1,0
6259a.sql,1,0
6259b.sql,0,1
6260b.sql,1,0
6265b.sql,0,1
6266a.sql,0,1
6266b.sql,1,0
6270c.sql,1,0
6281d.sql,0,1
6285a.sql,0,1
6286c.sql,0,1
6286d.sql,1,0
6289b.sql,1,0
6291a.sql,0,1
6294a.sql,1,1
6295c.sql,0,1
6296a.sql,1,1
6296c.sql,1,0
6298a.sql,1,0
6298b.sql,0,1
6300a.sql,1,0
6302b.sql,0,1
6303c.sql,1,0
6313a.sql,0,1
6316b.sql,1,0
6320d.sql,0,1
6320f.sql,0,1
6321b.sql,0,1
6321c.sql,0,1
6333a.sql,1,0
6342f.sql,0,1
6344a.sql,1,0
6351d.sql,0,1
6353d.sql,0,1
6362b.sql,1,0
6364a.sql,1,0
6364c.sql,1,0
6365b.sql,0,1
6366c.sql,1,0
6367c.sql,1,0
6369a.sql,1,1
6369c.sql,0,1
6375e.sql,0,1
6377c.sql,0,1
6384a.sql,0,1
6387b.sql,0,1
6389b.sql,0,1
6392b.sql,0,1
6397b.sql,0,1
6398c.sql,1,0
6399a.sql,1,0
6399b.sql,1,0
6399c.sql,0,1
6402b.sql,1,0
6408e.sql,0,1
6412c.sql,0,1
6419b.sql,0,1
6419e.sql,0,1
6427a.sql,0,1
6428a.sql,1,0
6433b.sql,1,0
6438b.sql,0,1
6459a.sql,0,1
6460b.sql,1,0
6461c.sql,1,0
6464a.sql,1,0
6464b.sql,1,0
6465a.sql,1,0
6465b.sql,1,1
6470d.sql,0,1
6471c.sql,0,1
6474b.sql,0,1
6478b.sql,0,1
6480a.sql,0,1
6482a.sql,0,1
6489c.sql,1,0
6492a.sql,1,0
6495b.sql,0,1
6498a.sql,1,0
6502a.sql,0,1
6504a.sql,0,1
6504c.sql,0,1
6507a.sql,0,1
6516a.sql,0,1
6516c.sql,0,1
6516d.sql,0,1
6517a.sql,0,2
6518b.sql,0,1
6521a.sql,0,1
6522b.sql,0,1
6523a.sql,1,0
6524c.sql,1,0
6529a.sql,1,0
6530a.sql,1,0
6531b.sql,1,0
6534a.sql,1,0
6537a.sql,0,1
6542d.sql,0,1
6544c.sql,0,1
6553c.sql,1,0
6558b.sql,1,0
6560a.sql,1,0
6562c.sql,1,0
6563a.sql,1,0
6563c.sql,1,0
6564c.sql,0,1
6565b.sql,1,0
6565c.sql,0,1
6567b.sql,1,0
6575b.sql,0,1
6576a.sql,0,1
6584a.sql,0,1
6584c.sql,0,1
6586c.sql,0,1
6587a.sql,0,1
6594b.sql,1,0
6595b.sql,1,0
6595c.sql,0,1
6596a.sql,1,0
6596c.sql,0,1
6597a.sql,1,0
6598a.sql,1,0
6600b.sql,1,0
6600c.sql,1,0
6607c.sql,0,1
6609d.sql,0,1
6615b.sql,0,1
6622b.sql,1,0
6623a.sql,0,1
6624b.sql,1,0
6629a.sql,1,0
6630a.sql,1,0
6630b.sql,1,0
6631b.sql,1,0
6631c.sql,1,0
6633a.sql,1,0
6648b.sql,1,0
6649c.sql,0,1
6656b.sql,1,0
6657a.sql,1,0
6657b.sql,1,0
6659c.sql,0,1
6660a.sql,1,0
6668d.sql,0,1
6676b.sql,0,1
6685a.sql,0,1
6690b.sql,1,0
6691c.sql,0,1
6693a.sql,1,0
6693b.sql,1,0
6694b.sql,0,1
6694c.sql,1,0
6695a.sql,1,0
6696c.sql,1,0
6698b.sql,0,1
6705d.sql,0,1
6708a.sql,0,1
6709a.sql,1,0
6714b.sql,0,1
6718a.sql,0,1
6724c.sql,0,1
6727a.sql,1,0
6727b.sql,0,1
6728a.sql,1,0
6728b.sql,1,0
6729b.sql,1,0
6729c.sql,1,1
6730b.sql,1,0
6748b.sql,0,1
6756b.sql,1,0
6758a.sql,1,0
6760b.sql,1,0
6763b.sql,1,0
6768c.sql,0,1
6776b.sql,0,1
6784b.sql,0,1
6794a.sql,1,0
6795a.sql,1,0
6796c.sql,1,0
6798b.sql,0,1
6813b.sql,0,1
6814d.sql,0,1
6816a.sql,0,1
6818b.sql,0,1
6823c.sql,0,1
6826a.sql,1,0
6827a.sql,1,0
6828b.sql,1,0
6828c.sql,1,0
6846d.sql,0,1
6848f.sql,0,1
6851a.sql,0,1
6853a.sql,0,1
6854c.sql,1,0
6858a.sql,1,0
6858b.sql,1,0
6862a.sql,1,1
6868b.sql,0,1
6875c.sql,0,1
6883a.sql,0,1
6884c.sql,1,0
6887c.sql,1,0
6888a.sql,1,0
6889b.sql,0,1
6889c.sql,1,0
6898c.sql,0,1
6899a.sql,0,1
6904a.sql,0,1
6910d.sql,0,1
6914d.sql,0,1
6915c.sql,0,1
6921b.sql,1,0
6925b.sql,1,0
6926a.sql,1,0
6926b.sql,1,0
6932d.sql,0,1
6961a.sql,1,0
6963a.sql,1,0
6969c.sql,0,1
6976c.sql,1,1
6979a.sql,0,1
6980f.sql,0,1
6989c.sql,1,0
6991c.sql,1,0
6992c.sql,1,0
6996b.sql,1,0
7001c.sql,0,1
7004a.sql,0,1
7013b.sql,0,1
7016a.sql,1,0
7022c.sql,1,0
7025b.sql,1,0
7027a.sql,1,0
7038b.sql,0,1
7048b.sql,0,1
7051c.sql,0,1
7052b.sql,1,0
7054c.sql,0,1
7055c.sql,1,0
7057a.sql,1,0
7060a.sql,1,0
7068e.sql,0,1
7072c.sql,0,1
7081d.sql,0,1
7085c.sql,0,1
7090a.sql,1,0
7091c.sql,1,0
7103b.sql,0,2
7103d.sql,0,1
7106a.sql,0,1
7110d.sql,0,1
7111d.sql,0,1
7123c.sql,1,0
7124b.sql,1,0
7124c.sql,1,1
7137c.sql,0,1
7143d.sql,0,1
7146b.sql,0,1
7147d.sql,1,0
7151c.sql,0,1
7154c.sql,1,0
7155c.sql,1,0
7166a.sql,0,1
7172b.sql,0,1
7183c.sql,0,1
7184c.sql,0,1
7189a.sql,1,0
7189b.sql,1,0
7189c.sql,1,0
7190b.sql,1,0
7192a.sql,1,0
7194a.sql,1,0
7218a.sql,1,1
7222a.sql,1,0
7222b.sql,1,0
7222c.sql,1,0
7223a.sql,1,0
7223c.sql,0,1
7224a.sql,1,0
7227b.sql,1,0
7227c.sql,1,0
7231a.sql,0,1
7235b.sql,0,1
7240b.sql,1,0
7241a.sql,0,1
7243a.sql,0,1
7243b.sql,0,1
7244a.sql,0,1
7244b.sql,0,1
7246c.sql,1,0
7247c.sql,1,0
7255a.sql,1,0
7257c.sql,1,0
7258a.sql,1,0
7258c.sql,0,1
7285c.sql,1,0
7286b.sql,1,0
7289a.sql,0,1
7291a.sql,1,0
7291c.sql,1,0
7297b.sql,0,1
7319c.sql,1,0
7321b.sql,1,0
7321c.sql,1,1
7322c.sql,1,0
7324a.sql,1,0
7328d.sql,0,1
7330c.sql,0,1
7332a.sql,0,1
7339b.sql,0,1
7341b.sql,0,1
7345c.sql,0,1
7353a.sql,1,0
7356b.sql,0,1
7359b.sql,1,0
7372b.sql,1,0
7376c.sql,0,1
7376f.sql,0,1
7379a.sql,1,0
7381a.sql,0,1
7381d.sql,0,1
7386c.sql,0,1
7388a.sql,1,0
7388b.sql,1,0
7390b.sql,0,1
7392a.sql,0,1
7398a.sql,0,1
7398b.sql,0,1
7400b.sql,1,0
7409a.sql,0,1
7409b.sql,0,1
7410a.sql,0,1
7416b.sql,1,0
7417b.sql,0,1
7420b.sql,1,0
7420c.sql,1,0
7422b.sql,1,0
7427a.sql,0,1
7434c.sql,0,1
7444c.sql,0,1
7451c.sql,1,1
7454b.sql,1,0
7454c.sql,1,0
7455c.sql,1,0
7461b.sql,0,1
7466a.sql,0,1
7482a.sql,1,0
7482b.sql,1,0
7487a.sql,1,0
7487b.sql,1,0
7489a.sql,0,1
7494a.sql,0,2
7506c.sql,1,0
7507a.sql,0,1
7508b.sql,0,2
7508d.sql,0,1
7510b.sql,1,0
7514c.sql,1,0
7515b.sql,1,0
7520a.sql,1,0
7520b.sql,1,0
7520c.sql,1,0
7530a.sql,0,1
7534c.sql,1,1
7539c.sql,0,1
7541c.sql,0,1
7543a.sql,1,0
7543d.sql,0,1
7546c.sql,0,1
7548a.sql,0,1
7552a.sql,1,0
7552b.sql,0,1
7553b.sql,1,0
7554b.sql,1,0
7557c.sql,1,1
7572b.sql,0,1
7574e.sql,0,1
7579b.sql,1,0
7581a.sql,1,0
7583a.sql,1,0
7585a.sql,1,0
7587c.sql,1,0
7591c.sql,0,1
7593b.sql,0,1
7596c.sql,0,1
7599b.sql,0,1
7606d.sql,0,1
7607a.sql,0,1
7609d.sql,1,0
7615c.sql,1,0
7616b.sql,1,0
7616c.sql,1,0
7617a.sql,1,0
7622b.sql,1,0
7624b.sql,0,1
7640b.sql,0,1
7652b.sql,1,0
7652c.sql,1,0
7660b.sql,0,1
7665b.sql,1,0
7671c.sql,0,1
7671d.sql,0,1
7672a.sql,0,1
7678d.sql,0,1
7679b.sql,1,0
7686a.sql,0,1
7695a.sql,0,1
7696a.sql,1,0
7698d.sql,1,0
7702a.sql,0,1
7704a.sql,0,1
7704c.sql,0,1
7711b.sql,1,0
7714b.sql,0,1
7715a.sql,1,0
7715c.sql,1,0
7716c.sql,1,0
7719b.sql,1,0
7738d.sql,0,1
7745b.sql,1,0
7746b.sql,0,1
7750b.sql,1,0
7750c.sql,1,0
7751c.sql,0,1
7753b.sql,0,1
7774c.sql,0,1
7778c.sql,1,0
7779a.sql,0,1
7783a.sql,1,0
7784c.sql,1,0
7792c.sql,0,1
7794b.sql,0,1
7796c.sql,0,1
7805b.sql,0,1
7812a.sql,1,0
7816b.sql,1,0
7819b.sql,0,1
7819c.sql,1,0
7827a.sql,0,1
7827b.sql,0,1
7827e.sql,0,1
7828c.sql,0,1
7829c.sql,0,1
7830b.sql,0,1
7830c.sql,1,0
7845a.sql,0,1
7846a.sql,0,1
7847a.sql,0,1
7849a.sql,1,0
7849c.sql,1,0
7876b.sql,1,0
7880b.sql,1,0
7882b.sql,1,0
7883c.sql,1,0
7885b.sql,0,1
7887a.sql,1,0
7900c.sql,0,1
7900d.sql,1,0
7902b.sql,0,1
7911b.sql,1,0
7915c.sql,0,1
7916a.sql,1,0
7918a.sql,0,1
7926b.sql,0,1
7926c.sql,0,1
7935a.sql,1,0
7936a.sql,0,1
7937d.sql,0,1
7943b.sql,0,1
7947b.sql,1,1
7949c.sql,1,0
7953a.sql,1,0
7959d.sql,0,1
7961a.sql,0,1
7963c.sql,0,1
7968d.sql,0,1
7969a.sql,0,1
7972d.sql,1,0
7974c.sql,0,1
7976a.sql,1,0
7981a.sql,1,1
7982a.sql,1,0
7982b.sql,0,1
7990a.sql,0,1
7993b.sql,0,1
8004a.sql,0,1
8006a.sql,0,1
8008b.sql,1,0
8010a.sql,1,0
8017a.sql,0,1
8026b.sql,0,1
8029a.sql,0,1
8035c.sql,0,1
8041b.sql,1,0
8043a.sql,1,0
8048a.sql,1,1
8058b.sql,0,1
8061b.sql,0,1
8062a.sql,0,1
8063a.sql,0,1
8067a.sql,0,1
8067c.sql,1,0
8071c.sql,0,1
8071d.sql,0,1
8074c.sql,0,1
8080b.sql,1,0
8080c.sql,1,0
8085b.sql,1,0
8090c.sql,0,1
8093a.sql,0,1
8093b.sql,0,1
8101b.sql,0,1
8102e.sql,0,1
8103b.sql,0,1
8105b.sql,1,0
8109b.sql,1,0
8111b.sql,0,1
8116a.sql,1,0
8119b.sql,0,1
8123c.sql,0,1
8134b.sql,0,1
8135a.sql,0,1
8135b.sql,0,1
8137b.sql,1,0
8140d.sql,0,1
8141c.sql,0,1
8146b.sql,1,1
8146c.sql,1,0
8147b.sql,1,0
8149a.sql,1,0
8157c.sql,0,1
8163c.sql,0,1
8164a.sql,0,1
8166a.sql,1,0
8174a.sql,1,0
8174c.sql,1,0
8177b.sql,1,0
8178b.sql,1,0
8181a.sql,1,0
8182c.sql,1,0
8191b.sql,1,0
8197a.sql,1,0
8197b.sql,0,1
8199c.sql,0,1
8203b.sql,1,0
8207a.sql,0,1
8207b.sql,1,0
8212a.sql,1,0
8233b.sql,0,1
8234c.sql,0,1
8234e.sql,0,1
8236b.sql,1,0
8239a.sql,1,0
8239c.sql,1,0
8245b.sql,1,0
8248a.sql,0,1
8253a.sql,0,1
8269b.sql,1,0
8279b.sql,1,0
8285d.sql,0,1
8287c.sql,0,1
8289a.sql,0,1
8290b.sql,1,0
8296a.sql,1,0
8299d.sql,0,1
8305b.sql,0,1
8305d.sql,0,1
8318a.sql,0,1
8329c.sql,0,1
8333a.sql,0,1
8333b.sql,0,1
8343a.sql,1,0
8344c.sql,1,0
8345b.sql,1,0
8345c.sql,1,0
8347b.sql,0,1
8347c.sql,1,1
8360a.sql,0,1
8372c.sql,1,0
8373a.sql,0,1
8376a.sql,1,0
8383a.sql,0,1
8387c.sql,1,0
8399b.sql,0,1
8401c.sql,0,1
8410a.sql,1,0
8410c.sql,1,0
8415a.sql,1,0
8415b.sql,1,0
8416c.sql,0,1
8418c.sql,0,1
8428a.sql,0,1
8430d.sql,0,1
8431a.sql,0,2
8431d.sql,0,1
8434d.sql,0,1
8443a.sql,1,0
8443b.sql,1,0
8444b.sql,0,1
8450a.sql,0,1
8456c.sql,0,1
8458b.sql,0,1
8465f.sql,0,1
8470a.sql,1,0
8476b.sql,1,0
8476c.sql,1,0
8479b.sql,1,0
8486c.sql,0,1
8489b.sql,0,1
8509b.sql,1,0
8509c.sql,1,0
8510b.sql,1,0
8512b.sql,1,1
8514a.sql,1,0
8536a.sql,1,0
8537c.sql,1,0
8538b.sql,1,0
8542b.sql,1,0
8543b.sql,1,1
8545c.sql,0,1
8553e.sql,0,1
8553f.sql,0,1
8562c.sql,0,1
8569a.sql,0,1
8571a.sql,0,1
8571b.sql,1,0
8576b.sql,1,0
8576c.sql,1,0
8580a.sql,1,0
8608a.sql,1,0
8608b.sql,0,1
8611a.sql,1,0
8611b.sql,0,1
8613b.sql,1,0
8614d.sql,0,1
8622b.sql,1,0
8628d.sql,0,1
8637b.sql,0,1
8643a.sql,0,1
8652c.sql,0,1
8654d.sql,0,1
8661d.sql,1,0
8662b.sql,0,1
8665a.sql,0,1
8665b.sql,0,1
8668a.sql,1,0
8669a.sql,1,2
8670b.sql,1,0
8672a.sql,1,0
8675b.sql,1,0
8676b.sql,1,0
8677c.sql,1,0
8681d.sql,0,1
8698a.sql,0,1
8704a.sql,0,1
8707a.sql,1,0
8724a.sql,0,1
8727a.sql,0,1
8728c.sql,0,1
8729d.sql,0,1
8731c.sql,1,0
8734b.sql,1,0
8747b.sql,0,1
8764b.sql,0,2
8767b.sql,0,1
8769a.sql,1,0
8770b.sql,0,1
8785b.sql,0,1
8793b.sql,0,1
8797d.sql,1,0
8801b.sql,1,0
8803a.sql,1,0
8803b.sql,0,1
8804c.sql,1,0
8805c.sql,0,1
8806b.sql,1,0
8829b.sql,0,1
8833d.sql,0,1
8839a.sql,1,0
8840c.sql,1,1
8841a.sql,1,0
8844b.sql,1,0
8850a.sql,0,1
8853d.sql,0,1
8854b.sql,1,0
8859a.sql,0,1
8862a.sql,0,1
8869a.sql,1,0
8872a.sql,1,0
8872b.sql,1,0
8873b.sql,0,1
8877c.sql,1,0
8896a.sql,0,1
8903b.sql,1,0
8905b.sql,1,0
8907b.sql,1,0
8911d.sql,0,1
8913b.sql,0,1
8918b.sql,1,0
8932b.sql,0,1
8938c.sql,1,0
8939c.sql,0,1
8941b.sql,1,0
8951b.sql,0,1
8958c.sql,0,1
8959a.sql,0,1
8959b.sql,0,1
8962d.sql,0,1
8965b.sql,1,0
8973b.sql,1,1
8982e.sql,0,1
8995a.sql,0,1
8998d.sql,1,0
9000a.sql,1,0
9000b.sql,1,0
9002a.sql,1,0
9004b.sql,1,0
9005a.sql,1,0
9005b.sql,1,1
9009c.sql,1,0
9017d.sql,0,1
9021b.sql,1,0
9028d.sql,0,1
9036b.sql,0,1
9037a.sql,1,0
9038a.sql,1,0
9038c.sql,1,0
9039c.sql,1,0
9042b.sql,1,0
9042c.sql,1,0
9052a.sql,0,1
9064b.sql,0,1
9066a.sql,0,1
9066b.sql,0,1
9068b.sql,1,0
9069c.sql,1,0
9071c.sql,1,0
9097d.sql,1,0
9098a.sql,0,1
9098c.sql,1,0
9102a.sql,1,0
9103c.sql,1,0
9104b.sql,1,0
9113b.sql,0,1
9116a.sql,0,1
9130a.sql,0,1
9133c.sql,1,0
9135b.sql,1,0
9136b.sql,1,0
9136c.sql,1,0
9137a.sql,1,0
9137b.sql,1,0
9137c.sql,1,0
9139b.sql,0,1
9152c.sql,0,1
9155a.sql,0,1
9166b.sql,0,1
9169c.sql,1,0
9186b.sql,0,1
9190a.sql,0,1
9198a.sql,0,1
9198b.sql,0,1
9205b.sql,0,1
9223c.sql,0,1
9227b.sql,1,0
9230b.sql,0,1
9232b.sql,0,1
9236a.sql,1,0
9241c.sql,0,1
9249c.sql,0,1
9255a.sql,0,1
9258c.sql,0,1
9267a.sql,1,0
9268a.sql,1,0
9269b.sql,1,0
9273a.sql,1,0
9273c.sql,1,0
9289d.sql,0,1
9296a.sql,1,0
9301a.sql,1,0
9301b.sql,1,0
9306a.sql,1,0
9306b.sql,0,1
9323e.sql,0,1
9324a.sql,0,1
9325c.sql,0,1
9325d.sql,0,1
9330a.sql,0,1
9334a.sql,0,1
9339b.sql,1,0
9340b.sql,0,1
9342a.sql,0,1
9358a.sql,1,0
9367a.sql,1,0
9367b.sql,1,0
9368c.sql,1,0
9370a.sql,0,1
9380a.sql,0,1
9387a.sql,0,1
9389a.sql,0,1
9396a.sql,0,1
9397c.sql,1,0
9399b.sql,1,0
9400c.sql,1,0
9402b.sql,1,0
9402c.sql,1,0
9405a.sql,1,0
9408a.sql,0,1
9417b.sql,0,1
9422f.sql,0,1
9426a.sql,1,0
9431a.sql,1,0
9433c.sql,1,0
9439b.sql,0,1
9445b.sql,0,1
9447a.sql,0,1
9451c.sql,1,0
9453d.sql,0,1
9461c.sql,1,0
9462b.sql,0,1
9464a.sql,0,1
9464c.sql,1,0
9466a.sql,1,0
9472d.sql,0,1
9479a.sql,0,1
9482c.sql,0,1
9487b.sql,0,1
9488e.sql,0,1
9495a.sql,1,0
9497c.sql,1,0
9500c.sql,1,0
9504b.sql,1,0
9507c.sql,0,1
9512d.sql,0,1
9519a.sql,0,1
9524a.sql,0,1
9533c.sql,1,0
9534b.sql,1,1
9536a.sql,0,1
9547b.sql,0,1
9552b.sql,1,0
9553a.sql,0,1
9554e.sql,0,1
9556b.sql,0,1
9560c.sql,0,1
9565a.sql,1,0
9566b.sql,1,0
9567c.sql,1,0
9568b.sql,0,1
9582a.sql,1,0
9582b.sql,0,1
9589c.sql,0,1
9591c.sql,1,0
9592d.sql,0,1
9603c.sql,1,0
9611a.sql,1,0
9613a.sql,0,1
9618a.sql,0,1
9622c.sql,1,0
9631b.sql,1,0
9632a.sql,1,1
9632c.sql,1,0
9640a.sql,0,1
9658c.sql,1,0
9658d.sql,0,1
9661c.sql,0,1
9663c.sql,1,0
9664a.sql,1,0
9665a.sql,1,0
9670b.sql,0,1
9677d.sql,0,1
9684a.sql,0,1
9684c.sql,0,1
9686c.sql,0,1
9687c.sql,0,1
9697a.sql,1,0
9700b.sql,1,0
9713a.sql,0,1
9717c.sql,0,1
9718b.sql,0,1
9719b.sql,0,1
9724c.sql,0,1
9726b.sql,1,0
9728a.sql,1,0
9729a.sql,1,0
9731a.sql,0,1
9732c.sql,1,0
9746d.sql,0,1
9748b.sql,0,1
9752a.sql,0,1
9754c.sql,0,1
9757a.sql,1,1
9763a.sql,1,0
9764a.sql,0,1
9764b.sql,1,0
9768b.sql,1,0
9769b.sql,0,1
9777d.sql,0,1
9792b.sql,1,0
9795a.sql,1,0
9797a.sql,1,0
9798a.sql,0,1
9799a.sql,1,0
9799c.sql,1,0
9802a.sql,0,1
9803d.sql,0,1
9810c.sql,0,1
9811c.sql,0,1
9820c.sql,0,1
9827a.sql,1,0
9829b.sql,1,0
9834a.sql,1,0
9835d.sql,0,1
9840f.sql,0,1
9854b.sql,1,0
9856c.sql,1,0
9862c.sql,0,1
9864b.sql,1,0
9868d.sql,0,1
9876d.sql,0,1
9884c.sql,0,1
9884d.sql,0,1
9886a.sql,0,1
9888a.sql,1,0
9894a.sql,1,0
9896a.sql,1,0
9896b.sql,1,0
9897a.sql,1,0
9897c.sql,1,0
9906e.sql,0,1
9914a.sql,0,1
9924a.sql,1,0
9924b.sql,0,1
9928a.sql,1,0
9933c.sql,1,0
9937a.sql,0,1
9939f.sql,0,1
9942b.sql,0,1
9948c.sql,0,1
9961c.sql,1,0
9962b.sql,1,0
9963a.sql,1,0
9972a.sql,0,1
9981b.sql,0,1
9986a.sql,0,1
9988a.sql,1,0
9992b.sql,0,1
9994c.sql,1,0
9995a.sql,1,0
9995b.sql,1,0
10009c.sql,0,1
10013a.sql,0,1
10018c.sql,0,1
10019b.sql,0,1
10027a.sql,1,0
10054b.sql,1,0
10054c.sql,0,1
10058a.sql,0,1
10059a.sql,1,0
10061b.sql,1,0
10065b.sql,1,0
10074d.sql,0,1
10079b.sql,0,1
10081d.sql,0,1
10082f.sql,0,1
10083b.sql,1,0
10093c.sql,0,1
10094a.sql,1,0
10094b.sql,1,0
10094c.sql,1,0
10109d.sql,0,1
10111a.sql,0,1
10115d.sql,0,1
10117a.sql,0,1
10123a.sql,1,0
10126a.sql,1,0
10126b.sql,1,0
10126c.sql,1,1
10127b.sql,1,0
10140a.sql,1,0
10143b.sql,0,1
10145a.sql,1,0
10147a.sql,0,1
10149b.sql,0,1
10154a.sql,0,1
10159b.sql,0,1
10159c.sql,1,0
10160a.sql,0,1
10160c.sql,1,0
10162b.sql,0,1
10170c.sql,0,1
10173d.sql,0,1
10179b.sql,1,0
10180b.sql,0,1
10186d.sql,0,1
10187c.sql,0,2
10192b.sql,1,0
10194c.sql,1,0
10212d.sql,0,1
10213a.sql,0,1
10216b.sql,0,1
10219a.sql,0,1
10225a.sql,1,0
10225c.sql,1,0
10226a.sql,0,1
10226c.sql,1,0
10227b.sql,1,0
10233c.sql,0,1
10248a.sql,0,1
10258c.sql,1,0
10259a.sql,1,0
10259c.sql,1,0
10264c.sql,0,1
10275a.sql,0,1
10281c.sql,0,1
10283c.sql,0,1
10292b.sql,1,0
10297d.sql,0,1
10299b.sql,0,1
10314a.sql,0,1
10342a.sql,1,0
10345c.sql,0,1
10352a.sql,0,1
10357a.sql,1,0
10358b.sql,1,0
10363d.sql,0,1
10367b.sql,0,1
10370b.sql,0,1
10377a.sql,0,1
10381b.sql,1,0
10387b.sql,0,1
10388c.sql,0,1
10398a.sql,0,1
10406c.sql,0,1
10407c.sql,0,1
10410a.sql,0,1
10411c.sql,0,1
10412c.sql,0,1
10421a.sql,0,1
10424a.sql,1,0
10428c.sql,1,0
10432a.sql,0,1
10446a.sql,0,1
10448a.sql,1,0
10450b.sql,1,0
10450c.sql,1,0
10453b.sql,1,0
10455a.sql,1,0
10456b.sql,1,0
10475c.sql,0,1
10476c.sql,0,1
10478d.sql,0,1
10480a.sql,0,1
10480d.sql,1,1
10486c.sql,1,0
10488c.sql,1,0
10490b.sql,1,0
10490c.sql,1,0
10494c.sql,1,0
10496a.sql,0,1
10513d.sql,1,0
10519a.sql,1,0
10523a.sql,1,0
10523c.sql,1,0
10525b.sql,0,1
10528d.sql,0,1
10540c.sql,0,1
10544b.sql,0,1
10546c.sql,1,0
10547b.sql,1,0
10556a.sql,1,0
10557a.sql,0,1
10558a.sql,1,0
10566e.sql,0,1
10575b.sql,1,0
10579b.sql,0,1
10582b.sql,1,0
10586c.sql,1,0
10587b.sql,1,0
10588c.sql,1,0
10589b.sql,1,0
10591c.sql,1,0
10598a.sql,0,1
10604d.sql,0,1
10608b.sql,0,1
10617a.sql,1,0
10629b.sql,0,1
10632c.sql,0,1
10632d.sql,0,1
10643c.sql,0,1
10646b.sql,1,0
10649a.sql,0,1
10655b.sql,1,0
10657a.sql,1,0
10661c.sql,0,1
10665b.sql,0,1
10667d.sql,0,1
10674a.sql,0,1
10674b.sql,0,1
10674c.sql,0,1
10675c.sql,0,1
10676c.sql,0,1
10681d.sql,1,0
10682a.sql,1,0
10687b.sql,1,0
10688a.sql,1,0
10693b.sql,0,1
10716a.sql,1,0
10721b.sql,1,1
10722b.sql,1,0
10728b.sql,0,1
10743b.sql,0,1
10744b.sql,1,0
10747a.sql,0,1
10747d.sql,0,1
10753a.sql,1,0
10766a.sql,0,1
10772a.sql,0,1
10773d.sql,1,0
10774b.sql,0,1
10776b.sql,0,1
10777d.sql,0,1
10781a.sql,1,0
10782b.sql,1,0
10788c.sql,1,0
10795b.sql,0,1
10796a.sql,0,1
10810d.sql,0,1
10819b.sql,1,0
10820a.sql,1,0
10821a.sql,1,0
10832d.sql,0,1
10833d.sql,0,1
10835d.sql,0,1
10842c.sql,0,1
10847a.sql,1,0
10848a.sql,1,0
10853b.sql,1,0
10867c.sql,0,1
10871c.sql,0,1
10874f.sql,0,1
10880a.sql,1,1
10880b.sql,1,0
10886a.sql,1,0
10886c.sql,1,0
10887a.sql,1,0
10897a.sql,0,1
10906a.sql,0,1
10909d.sql,1,0
10915a.sql,0,1
10918b.sql,1,0
10919a.sql,1,0
10919c.sql,0,1
10920c.sql,1,0
10924c.sql,0,1
10931a.sql,0,1
10933b.sql,0,1
10934a.sql,0,1
10936d.sql,1,0
10939b.sql,1,0
10941c.sql,1,0
10945a.sql,0,1
10952a.sql,1,0
10952b.sql,1,1
10953c.sql,1,0
10962f.sql,0,1
10972d.sql,0,1
10973a.sql,0,1
10973e.sql,0,1
10975d.sql,0,1
10980a.sql,1,0
10981b.sql,0,1
10981c.sql,0,1
10983a.sql,1,0
10984b.sql,1,0
10985b.sql,1,0
10985c.sql,0,1
10991d.sql,0,1
11000c.sql,0,1
11004b.sql,0,1
11009b.sql,1,0
11011b.sql,0,1
11018a.sql,1,0
11020c.sql,1,0
11026b.sql,0,1
11034c.sql,0,1
11045a.sql,1,0
11051c.sql,1,0
11052b.sql,1,0
11053c.sql,0,1
11056d.sql,0,1
11057a.sql,0,1
11061b.sql,0,1
11062a.sql,1,0
11079a.sql,1,0
11083c.sql,1,0
11086b.sql,0,1
11088b.sql,1,0
11094c.sql,0,1
11114c.sql,1,0
11116b.sql,1,0
11116c.sql,1,0
11117b.sql,1,0
11118a.sql,1,0
11121c.sql,1,0
11140c.sql,1,0
11145b.sql,0,1
11148b.sql,1,0
11149a.sql,1,0
11149b.sql,0,1
11149c.sql,1,0
11150b.sql,1,0
11151a.sql,1,0
11160a.sql,0,1
11166a.sql,0,1
11169a.sql,0,1
11178a.sql,0,1
11179a.sql,0,1
11182a.sql,1,0
11187a.sql,1,0
11204a.sql,0,1
11206b.sql,1,0
11209a.sql,1,0
11213c.sql,1,0
11216b.sql,0,1
11217c.sql,0,1
11221d.sql,0,1
11222d.sql,0,1
11228a.sql,1,0
11233b.sql,1,0
11237a.sql,0,1
11244a.sql,0,1
11249c.sql,1,0
11275b.sql,1,0
11279a.sql,1,0
11281c.sql,1,0
11293b.sql,0,1
11295c.sql,0,1
11301a.sql,0,1
11304b.sql,0,1
11305c.sql,0,1
11306b.sql,0,1
11314c.sql,1,0
11317c.sql,1,0
11320c.sql,0,1
11325e.sql,0,1
11327b.sql,1,0
11327d.sql,0,1
11338b.sql,0,1
11338c.sql,0,1
11338d.sql,0,1
11341c.sql,0,1
11344a.sql,0,1
11347b.sql,0,1
11348b.sql,1,0
11349c.sql,0,1
11354a.sql,0,1
11362c.sql,0,1
11369c.sql,0,1
11374d.sql,0,2
11380b.sql,1,0
11382b.sql,1,0
11394d.sql,1,0
11400d.sql,0,1
11402e.sql,0,1
11404b.sql,0,1
11404d.sql,0,1
11408a.sql,1,0
11413c.sql,1,0
11414a.sql,1,0
11418b.sql,1,0
11421a.sql,0,1
11425b.sql,0,1
11428b.sql,0,1
11449a.sql,1,0
11451b.sql,1,0
11470a.sql,1,0
11473d.sql,1,0
11474c.sql,1,0
11480a.sql,1,0
11480b.sql,1,0
11480c.sql,1,0
11484c.sql,0,1
11485a.sql,0,1
11489c.sql,0,1
11497b.sql,1,0
11505a.sql,0,1
11506a.sql,1,0
11507c.sql,1,1
11512c.sql,0,1
11513c.sql,1,0
11514c.sql,1,0
11519d.sql,0,1
11529c.sql,1,0
11534a.sql,0,1
11536d.sql,0,1
11539d.sql,0,1
11546b.sql,1,0
11547a.sql,0,1
11547b.sql,1,0
11552a.sql,0,1
11555a.sql,0,1
11560a.sql,0,1
11562a.sql,1,0
11566c.sql,1,0
11574b.sql,1,0
11579b.sql,1,0
11580b.sql,1,0
11598d.sql,0,1
11600c.sql,0,1
11606b.sql,0,1
11612b.sql,1,0
11614c.sql,0,1
11628a.sql,0,2
11635d.sql,0,1
11638a.sql,0,1
11647a.sql,1,0
11649c.sql,1,0
11666c.sql,0,1
11668b.sql,0,1
11668d.sql,0,1
11670a.sql,1,0
11670c.sql,0,1
11671a.sql,1,0
11672c.sql,0,1
11677b.sql,1,0
11678c.sql,1,0
11679b.sql,0,1
11679c.sql,1,0
11684d.sql,0,1
11690b.sql,0,1
11691a.sql,0,1
11698a.sql,0,1
11700c.sql,0,1
11702b.sql,0,1
11705a.sql,0,1
11713b.sql,1,0
11723c.sql,0,1
11723d.sql,0,1
11725c.sql,0,1
11728a.sql,0,1
11729b.sql,0,1
11738a.sql,0,1
11738b.sql,1,0
11741a.sql,1,0
11742b.sql,0,1
11743b.sql,1,0
11749d.sql,0,1
11751a.sql,0,1
11751b.sql,0,1
11754e.sql,0,1
11759b.sql,0,1
11759c.sql,0,1
11762a.sql,1,0
11767d.sql,1,0
11770b.sql,1,0
11771c.sql,1,1
11776b.sql,0,1
11778a.sql,1,0
11779a.sql,1,0
11779b.sql,1,0
11793b.sql,0,1
11800c.sql,0,1
11802a.sql,1,0
11803a.sql,1,0
11809a.sql,1,0
11810a.sql,1,0
11811c.sql,0,1
11822a.sql,0,1
11829d.sql,0,1
11833b.sql,1,0
11833c.sql,1,0
11841a.sql,1,0
11842a.sql,0,1
11842b.sql,1,0
11842c.sql,1,0
11844a.sql,1,0
11844b.sql,1,0
11852c.sql,0,1
11860d.sql,0,1
11865a.sql,0,1
11870c.sql,0,1
11875a.sql,1,0
11876b.sql,1,0
11882a.sql,0,1
11883a.sql,0,1
11891b.sql,0,1
11895a.sql,0,1
11909c.sql,1,0
11910c.sql,1,0
11913c.sql,1,0
11922b.sql,0,1
11930a.sql,0,1
11930d.sql,0,1
11936b.sql,0,1
11938c.sql,1,0
11942b.sql,0,1
11942c.sql,0,1
11952b.sql,0,1
11954b.sql,0,1
11961a.sql,0,1
11968b.sql,0,1
11972b.sql,1,0
11975a.sql,1,0
11975b.sql,1,0
11975c.sql,1,0
11987b.sql,0,1
11988a.sql,0,1
11988b.sql,0,1
11997b.sql,0,1
12002a.sql,0,1
12004a.sql,1,0
12008a.sql,0,1
12010b.sql,1,0
12013a.sql,0,1
12013b.sql,0,1
12027c.sql,0,1
12029b.sql,0,1
12029c.sql,0,1
12029f.sql,0,1
12031d.sql,1,0
12034c.sql,0,1
12039a.sql,1,0
12040a.sql,1,0
12041a.sql,1,0
12042a.sql,1,0
12051a.sql,0,1
12051d.sql,0,1
12059a.sql,0,1
12073a.sql,1,0
12078a.sql,1,0
12081c.sql,0,1
12106a.sql,1,0
12106b.sql,1,0
12107a.sql,0,1
12107b.sql,0,1
12108b.sql,1,0
12108c.sql,1,0
12113b.sql,0,1
12119c.sql,0,1
12120a.sql,0,1
12122a.sql,0,1
12140b.sql,1,0
12140c.sql,1,0
12158a.sql,1,0
12163a.sql,1,0
12164b.sql,0,1
12169c.sql,0,1
12172a.sql,1,0
12173a.sql,1,0
12187a.sql,0,1
12188b.sql,0,1
12201a.sql,1,0
12205a.sql,1,0
12205b.sql,1,0
12210b.sql,1,0
12220b.sql,0,1
12226b.sql,0,1
12238b.sql,1,0
12239c.sql,1,0
12240c.sql,0,1
12243c.sql,1,0
12246a.sql,0,1
12249d.sql,0,1
12260c.sql,0,1
12266b.sql,1,0
12269a.sql,1,0
12278a.sql,0,1
12290c.sql,0,1
12294c.sql,0,1
12305a.sql,1,0
12305b.sql,1,0
12307a.sql,1,0
12309c.sql,0,1
12321c.sql,0,2
12324b.sql,0,1
12331b.sql,0,1
12337b.sql,1,0
12338a.sql,1,0
12338c.sql,1,0
12342c.sql,1,0
12343c.sql,0,1
12349c.sql,0,1
12350b.sql,0,1
12359e.sql,0,1
12381b.sql,0,1
12395b.sql,1,0
12397a.sql,1,0
12398a.sql,0,1
12399a.sql,1,1
12401a.sql,1,0
12403a.sql,1,0
12420b.sql,1,0
12421c.sql,0,1
12425b.sql,0,1
12432a.sql,1,0
12450b.sql,1,1
12453a.sql,0,1
12454c.sql,0,1
12456b.sql,0,1
12461b.sql,0,1
12468c.sql,1,0
12472b.sql,0,1
12481c.sql,1,0
12482d.sql,0,1
12485b.sql,1,0
12488c.sql,0,1
12489c.sql,0,1
12503b.sql,1,0
12511c.sql,0,1
12520b.sql,1,0
12522c.sql,0,1
12533b.sql,1,0
12535a.sql,1,0
12535c.sql,1,0
12536a.sql,0,1
12536b.sql,1,0
12536c.sql,1,0
12555a.sql,1,0
12555d.sql,1,0
12557a.sql,0,1
12562a.sql,0,1
12562b.sql,1,0
12568b.sql,1,0
12583c.sql,0,1
12592a.sql,0,1
12598c.sql,0,1
12601b.sql,1,0
12612e.sql,0,1
12619c.sql,1,0
12629b.sql,0,1
12633b.sql,1,0
12634a.sql,0,1
12635a.sql,1,0
12639b.sql,1,0
12652b.sql,1,0
12656c.sql,0,1
12660c.sql,1,0
12666a.sql,1,0
12667c.sql,1,0
12668a.sql,1,0
12668b.sql,1,0
12669a.sql,1,0
12672a.sql,1,0
12678f.sql,0,1
12695a.sql,1,0
12701c.sql,1,0
12711d.sql,0,1
12722a.sql,0,1
12722d.sql,0,1
12724a.sql,1,0
12726c.sql,0,1
12727b.sql,1,0
12733b.sql,0,1
12738b.sql,1,0
12749a.sql,0,1
12753c.sql,0,1
12760c.sql,1,0
12764a.sql,1,0
12765c.sql,1,0
12766a.sql,1,0
12766c.sql,1,0
12772d.sql,0,1
12776b.sql,0,1
12795a.sql,0,1
12795b.sql,1,0
12798b.sql,1,0
12799a.sql,1,0
12799b.sql,1,0
12818b.sql,0,1
12820a.sql,0,1
12825b.sql,1,0
12829a.sql,0,1
12833b.sql,1,0
12837a.sql,1,0
12838b.sql,0,1
12838d.sql,0,1
12852d.sql,0,2
12865b.sql,1,0
12866b.sql,1,0
12866c.sql,0,1
12871d.sql,0,1
12887a.sql,0,1
12887d.sql,0,1
12893c.sql,0,1
12900b.sql,0,1
12901c.sql,1,0
12904a.sql,0,1
12916c.sql,1,0
12928b.sql,0,1
12931b.sql,1,0
12933c.sql,1,0
12952d.sql,0,1
12954a.sql,0,1
12964b.sql,1,0
12971d.sql,0,1
12984c.sql,0,1
12989c.sql,1,0
12990c.sql,1,0
13026b.sql,1,0
13029b.sql,1,0
13031a.sql,1,0
13031b.sql,1,0
13032c.sql,1,0
13036a.sql,0,1
13053c.sql,1,0
13054b.sql,0,1
13059a.sql,0,1
13063c.sql,0,1
13064c.sql,1,0
13065a.sql,1,0
13076c.sql,0,1
13083b.sql,0,1
13084c.sql,0,1
13085a.sql,0,1
13092a.sql,0,1
13095a.sql,1,0
13096b.sql,1,1
13097c.sql,0,1
13102a.sql,0,1
13105b.sql,0,1
13107f.sql,0,1
13118b.sql,0,1
13119c.sql,0,1
13122c.sql,0,1
13123b.sql,0,1
13123c.sql,1,0
13123d.sql,0,1
13125b.sql,0,1
13127a.sql,1,0
13128c.sql,0,1
13129b.sql,1,0
13131c.sql,1,0
13136d.sql,0,1
13143a.sql,0,1
13149d.sql,0,1
13151f.sql,0,1
13153d.sql,1,0
13156a.sql,1,0
13158a.sql,1,0
13159a.sql,0,1
13163b.sql,1,0
13164a.sql,1,0
13180c.sql,0,2
13185b.sql,0,1
13191a.sql,1,0
13196b.sql,1,0
13196c.sql,1,0
13216c.sql,0,1
13217c.sql,0,1
13224b.sql,0,1
13227b.sql,1,0
13228c.sql,1,0
13229b.sql,0,1
13239b.sql,0,1
13242b.sql,0,1
13243a.sql,0,1
13248c.sql,0,1
13257a.sql,1,0
13259c.sql,1,0
13260b.sql,1,0
13261a.sql,1,0
13261c.sql,1,0
13262c.sql,1,0
13266c.sql,0,1
13281b.sql,0,1
13282b.sql,0,1
13285a.sql,0,1
13285d.sql,1,0
13288d.sql,0,1
13309b.sql,0,1
13321b.sql,1,0
13323a.sql,1,0
13327b.sql,1,0
13328c.sql,1,0
13329c.sql,1,0
13338d.sql,0,1
13348a.sql,0,1
13350a.sql,0,1
13356a.sql,0,1
13357c.sql,0,1
13359c.sql,1,0
13360a.sql,1,0
13361a.sql,1,0
13361c.sql,0,1
13371a.sql,0,1
13371c.sql,0,1
13380b.sql,0,1
13380d.sql,0,1
13391b.sql,0,1
13393a.sql,1,0
13394b.sql,1,0
13395c.sql,1,0
13400d.sql,0,1
13417c.sql,0,1
13418c.sql,0,1
13427c.sql,1,0
13428c.sql,0,1
13429c.sql,0,1
13440a.sql,0,1
13441a.sql,0,1
13443a.sql,0,1
13447c.sql,1,0
13448a.sql,0,1
13448f.sql,0,1
13450d.sql,0,1
13453a.sql,1,1
13455b.sql,1,0
13459a.sql,0,1
13469a.sql,0,1
13479a.sql,0,1
13483c.sql,0,1
13501a.sql,0,1
13501c.sql,0,1
13511b.sql,0,1
13518c.sql,0,1
13519c.sql,0,1
13520a.sql,1,1
13523a.sql,1,0
13525b.sql,1,0
13526a.sql,0,1
13532a.sql,0,1
13533a.sql,0,1
13545d.sql,0,1
13547e.sql,0,1
13555b.sql,1,0
13559a.sql,1,0
13573c.sql,0,1
13583a.sql,1,0
13591b.sql,1,0
13591c.sql,1,0
13592a.sql,1,0
13604a.sql,1,0
13613d.sql,0,1
13615d.sql,0,1
13618d.sql,1,0
13620a.sql,1,0
13622c.sql,0,1
13627c.sql,0,1
13656a.sql,1,0
13658a.sql,1,0
13658c.sql,1,0
13659c.sql,1,0
13671a.sql,0,1
13679e.sql,0,1
13679f.sql,0,1
13684d.sql,0,1
13690b.sql,0,1
13691a.sql,1,0
13692b.sql,1,0
13700b.sql,0,1
13704b.sql,0,1
13713b.sql,0,1
13715c.sql,1,0
13721c.sql,1,0
13723a.sql,0,1
13723c.sql,1,0
13736b.sql,0,1
13744c.sql,0,1
13768b.sql,1,0
13769d.sql,1,0
13780b.sql,1,0
13783c.sql,0,1
13810a.sql,0,1
13810c.sql,0,1
13811c.sql,0,1
13827c.sql,1,0
13829d.sql,0,1
13832b.sql,0,1
13842a.sql,0,2
13844d.sql,0,1
13856a.sql,1,0
13856b.sql,0,1
13856c.sql,1,0
13858b.sql,1,0
13861c.sql,0,1
13878a.sql,0,1
13878b.sql,0,1
13882b.sql,1,0
13891c.sql,1,1
13893c.sql,1,0
13912a.sql,1,0
13912d.sql,0,1
13918c.sql,0,1
13921c.sql,1,0
13922c.sql,1,0
13931a.sql,0,1
13942b.sql,1,0
13946b.sql,1,1
13949c.sql,1,0
13955c.sql,1,0
13960d.sql,0,1
13964a.sql,0,1
13971c.sql,0,1
13980a.sql,1,0
13985b.sql,1,0
13987a.sql,1,0
13989b.sql,1,0
13990a.sql,1,0
13990b.sql,1,0
13992c.sql,1,0
14009f.sql,0,1
14016b.sql,0,1
14021c.sql,1,0
14022b.sql,1,0
14022c.sql,1,0
14040b.sql,0,1
14042e.sql,0,1
14051c.sql,1,0
14053a.sql,1,0
14054a.sql,1,0
14054c.sql,1,0
14055c.sql,0,1
14086b.sql,1,0
14086c.sql,1,0
14101c.sql,0,1
14104b.sql,0,1
14106a.sql,0,1
14111a.sql,0,1
14113a.sql,0,1
14122c.sql,1,0
14124c.sql,1,0
14130b.sql,0,1
14140c.sql,0,1
14144b.sql,0,1
14147b.sql,0,1
14151c.sql,1,0
14152b.sql,1,0
14153a.sql,1,0
14158a.sql,0,1
14163b.sql,0,1
14167a.sql,0,1
14175a.sql,0,1
14184b.sql,1,0
14191a.sql,0,1
14198c.sql,0,1
14204c.sql,0,1
14207b.sql,0,1
14207e.sql,0,1
14209d.sql,0,1
14212d.sql,0,1
14218c.sql,1,0
14227c.sql,0,1
14243a.sql,0,1
14245c.sql,0,1
14254c.sql,1,0
14256b.sql,1,0
14258d.sql,0,1
14259a.sql,0,1
14266a.sql,0,1
14267a.sql,0,1
14268a.sql,0,1
14269d.sql,1,0
14273a.sql,0,1
14281a.sql,0,1
14285a.sql,1,0
14315a.sql,1,0
14317a.sql,1,0
14318a.sql,0,1
14323b.sql,0,1
14327a.sql,0,1
14337c.sql,0,1
14339d.sql,0,1
14341b.sql,0,1
14351a.sql,1,0
14353b.sql,1,0
14384a.sql,1,0
14384b.sql,1,0
14388a.sql,1,0
14388b.sql,1,0
14398b.sql,0,1
14403a.sql,1,0
14411a.sql,1,0
14415c.sql,1,0
14417b.sql,1,0
14440a.sql,1,0
14445a.sql,0,1
14446c.sql,1,0
14454b.sql,1,0
14457c.sql,0,1
14470d.sql,0,1
14473b.sql,0,1
14490a.sql,0,1
14493d.sql,0,1
14515a.sql,0,1
14516a.sql,1,0
14517b.sql,1,0
14543a.sql,1,0
14544b.sql,1,0
14566b.sql,0,1
14570d.sql,0,1
14581a.sql,1,0
14581c.sql,1,0
14595b.sql,0,1
14595c.sql,1,0
14608b.sql,1,0
14615b.sql,1,0
14616b.sql,1,0
14619b.sql,1,0
14636e.sql,0,1
14637b.sql,0,1
14645a.sql,1,0
14648c.sql,1,0
14668b.sql,0,1
14669c.sql,0,1
14676b.sql,0,1
14678b.sql,1,0
14680b.sql,1,0
14680c.sql,1,0
14681a.sql,1,0
14681b.sql,1,0
14687b.sql,0,1
14694d.sql,0,1
14700b.sql,0,1
14701c.sql,0,1
14709b.sql,1,0
14715a.sql,0,1
14718b.sql,1,0
14725a.sql,0,1
14727d.sql,0,1
14733b.sql,0,1
14736a.sql,0,1
14737b.sql,1,0
14742a.sql,0,1
14742b.sql,1,0
14748b.sql,1,0
14749b.sql,1,0
14760c.sql,0,1
14766c.sql,0,1
14770c.sql,0,1
14778b.sql,0,1
14797a.sql,0,1
14799b.sql,0,1
14800a.sql,0,1
14810c.sql,1,0
14811a.sql,0,1
14812c.sql,1,0
14813a.sql,1,0
14813c.sql,1,0
14814a.sql,1,0
14815a.sql,0,1
14822a.sql,0,1
14832c.sql,0,1
14842b.sql,0,1
14856c.sql,0,1
14867c.sql,0,1
14872c.sql,1,0
14872d.sql,0,1
14877b.sql,1,0
14879b.sql,1,0
14880a.sql,0,1
14883a.sql,1,0
14883b.sql,1,0
14883c.sql,1,0
14885d.sql,0,1
14898d.sql,0,1
14899d.sql,0,1
14900d.sql,0,1
14902a.sql,0,1
14907a.sql,0,1
14912c.sql,1,0
14914a.sql,0,1
14919a.sql,0,1
14919b.sql,0,1
14926b.sql,0,1
14929d.sql,0,1
14931b.sql,0,2
14931d.sql,0,1
14944b.sql,1,0
14945c.sql,1,0
14972a.sql,1,0
14973b.sql,1,0
14978c.sql,1,0
14979c.sql,1,0
14983c.sql,0,1
14996c.sql,0,1
14997d.sql,1,0
15006a.sql,1,0
15011a.sql,1,0
15011c.sql,1,0
15027a.sql,0,1
15031a.sql,0,1
15032f.sql,0,1
15034a.sql,1,0
15039a.sql,1,0
15056b.sql,0,1
15077b.sql,1,0
15088b.sql,0,1
15096d.sql,0,1
15100d.sql,1,0
15104a.sql,0,1
15107c.sql,0,1
15109b.sql,1,0
15111a.sql,1,0
15120f.sql,0,1
15122a.sql,0,1
15132a.sql,0,1
15136a.sql,0,1
15136b.sql,0,1
15138a.sql,1,0
15155b.sql,0,1
15157a.sql,0,1
15164d.sql,0,1
15166d.sql,0,1
15168c.sql,0,1
15175c.sql,1,0
15176c.sql,0,1
15177b.sql,0,1
15180a.sql,1,0
15188a.sql,0,1
15199b.sql,0,1
15208a.sql,1,0
15208c.sql,1,0
15211b.sql,1,0
15217c.sql,0,1
15225a.sql,0,1
15241a.sql,1,0
15242a.sql,1,0
15242c.sql,1,0
15243a.sql,1,0
15246a.sql,1,0
15248c.sql,0,1
15250c.sql,0,1
15274a.sql,1,0
15284b.sql,0,1
15292a.sql,0,1
15298a.sql,0,1
15302a.sql,0,1
15306b.sql,1,0
15307c.sql,1,0
15308c.sql,1,0
15312a.sql,1,0
15313b.sql,0,1
15320a.sql,0,1
15328c.sql,0,1
15332c.sql,1,0
15335b.sql,1,0
15338a.sql,1,0
15339b.sql,1,0
15341a.sql,1,0
15345a.sql,1,0
15353c.sql,0,1
15364a.sql,0,1
15368b.sql,1,0
15369a.sql,1,0
15369b.sql,1,0
15374a.sql,1,0
15374c.sql,0,1
15376b.sql,0,1
15381b.sql,0,2
15384f.sql,0,2
15386b.sql,0,1
15391b.sql,0,1
15395b.sql,0,1
15398b.sql,0,1
15406b.sql,1,0
15407c.sql,1,0
15412a.sql,0,1
15417a.sql,0,1
15420d.sql,1,0
15427d.sql,1,1
15428e.sql,0,1
15429c.sql,0,1
15439b.sql,0,1
15439c.sql,1,0
15440a.sql,0,1
15440b.sql,0,1
15441b.sql,1,0
15460c.sql,0,1
15471a.sql,0,1
15471c.sql,1,0
15474c.sql,1,0
15478d.sql,0,1
15482c.sql,0,1
15492d.sql,0,1
15496a.sql,0,1
15497b.sql,0,1
15505b.sql,0,1
15510b.sql,1,0
15525a.sql,0,1
15525c.sql,0,1
15529b.sql,1,0
15530c.sql,1,0
15533b.sql,1,0
15543a.sql,1,0
15562c.sql,1,0
15565a.sql,1,0
15565d.sql,0,1
15568b.sql,0,1
15568c.sql,0,1
15569b.sql,0,1
15582c.sql,0,1
15587d.sql,1,0
15592d.sql,0,1
15598d.sql,1,0
15600b.sql,1,0
15604a.sql,0,1
15610a.sql,0,1
15621c.sql,0,1
15622c.sql,0,1
15623b.sql,0,1
15625c.sql,0,1
15628d.sql,0,1
15639c.sql,1,0
15642a.sql,1,0
15648e.sql,0,1
15648f.sql,0,1
15655c.sql,0,1
15660c.sql,0,1
15668b.sql,1,0
15671a.sql,1,0
15671b.sql,1,0
15671c.sql,1,0
15672c.sql,0,1
15675c.sql,1,0
15688b.sql,1,0
15692b.sql,0,1
15703b.sql,1,0
15704b.sql,1,0
15704c.sql,1,0
15708a.sql,1,0
15720c.sql,1,0
15723d.sql,0,1
15731c.sql,0,1
15736c.sql,1,0
15737b.sql,0,1
15738a.sql,1,0
15741b.sql,0,1
15743a.sql,0,1
15756a.sql,1,0
15756d.sql,0,1
15763d.sql,0,1
15787c.sql,0,1
15787d.sql,1,0
15790d.sql,0,1
15791c.sql,0,1
15802b.sql,1,0
15805a.sql,0,1
15820d.sql,1,0
15829c.sql,0,1
15838a.sql,1,0
15858b.sql,0,1
15859d.sql,1,0
15862c.sql,1,0
15864a.sql,0,1
15867a.sql,1,0
15867c.sql,1,0
15870c.sql,1,0
15874c.sql,0,1
15889d.sql,0,1
15891a.sql,0,1
15899b.sql,1,0
15909b.sql,0,1
15919b.sql,1,0
15922d.sql,0,1
15924b.sql,0,1
15929a.sql,0,1
15934a.sql,1,0
15935b.sql,1,0
15943c.sql,0,1
15952a.sql,0,1
15953a.sql,0,1
15956a.sql,0,1
15956e.sql,0,1
15969c.sql,1,0
15978e.sql,0,1
15984a.sql,0,1
15991a.sql,0,1
15992a.sql,0,1
15992c.sql,0,1
16001a.sql,1,0
16002c.sql,1,0
16003b.sql,0,1
16010c.sql,0,1
16030c.sql,0,1
16033b.sql,1,0
16034b.sql,1,0
16040c.sql,0,1
16046c.sql,0,1
16061b.sql,1,0
16062a.sql,0,1
16064b.sql,1,0
16067c.sql,1,0
16068b.sql,1,0
16094c.sql,0,1
16098c.sql,1,0
16100c.sql,1,0
16101b.sql,1,0
16105b.sql,0,1
16120a.sql,1,0
16123b.sql,0,1
16125a.sql,1,0
16126d.sql,0,1
16130c.sql,1,0
16132a.sql,1,0
16133c.sql,1,0
16139d.sql,0,1
16160c.sql,1,0
16167b.sql,1,0
16168a.sql,0,1
16176e.sql,0,1
16185b.sql,0,1
16194a.sql,0,1
16200a.sql,1,0
16201a.sql,1,0
16201c.sql,0,1
16233c.sql,1,1
16234c.sql,1,0
16236b.sql,1,0
16244b.sql,0,1
16255b.sql,1,0
16270a.sql,0,1
16275c.sql,0,1
16276c.sql,0,1
16285c.sql,0,1
16297c.sql,1,0
16319b.sql,0,1
16320b.sql,0,1
16321d.sql,1,0
16325a.sql,1,0
16350a.sql,0,1
16355c.sql,0,1
16357c.sql,1,0
16360a.sql,0,1
16360c.sql,0,1
16385d.sql,0,1
16388b.sql,1,0
16388c.sql,0,1
16390d.sql,0,1
16392a.sql,1,0
16396c.sql,1,0
16423b.sql,0,1
16428c.sql,1,0
16435d.sql,0,1
16459a.sql,1,0
16461b.sql,1,0
16464b.sql,1,0
16464c.sql,1,0
16465c.sql,1,0
16467b.sql,1,0
16475c.sql,0,1
16480c.sql,0,1
16482c.sql,0,1
16490a.sql,0,1
16492a.sql,0,1
16495b.sql,1,0
16495c.sql,1,0
16496b.sql,1,0
16497b.sql,1,0
